date,portfolio,order,slug,title,state,year,format,orientation,location,place,print-type,edition,edition-type,field notes,image,thumb,image-home,image-biz,width,height
,the-american-west,1,winter-oak-at-sunset-catheys-valley,Winter Oak at Sunset,California,2009,digital35,horizontal,Cathey's Valley,Sierra Foothills,Pigment Ink,20,Limited,,winter-oak-at-sunset-catheys-valley.jpg,winter-oak-at-sunset-catheys-valley.jpg,winter-oak-at-sunset-catheys-valley-home.jpg,winter-oak-at-sunset-catheys-valley-biz.jpg,2400,1720
,the-american-west,2,lightning-china-hat-road-oregon,Lightning,Oregon,2015,digital35,horizontal,China Hat Road,Bend,Pigment Ink,*,Open,,lightning-china-hat-road-oregon.jpg,lightning-china-hat-road-oregon.jpg,lightning-china-hat-road-oregon-home.jpg,lightning-china-hat-road-oregon-biz.jpg,2400,1600
,the-american-west,3,stream-of-light-white-mountains,Stream of Light,California,2006,film45,horizontal,Crooked Creek,White Mountains,Pigment Ink,30,Limited,,stream-of-light-white-mountains.jpg,stream-of-light-white-mountains.jpg,stream-of-light-white-mountains-home.jpg,stream-of-light-white-mountains-biz.jpg,2400,1812
,the-american-west,4,aspen-canopy-crested-butte,Aspen Canopy at Dusk,Colorado,2020,digital645,horizontal,Kebler Pass,Crested Butte,Pigment Ink,20,Limited,,aspen-canopy-crested-butte.jpg,aspen-canopy-crested-butte.jpg,aspen-canopy-crested-butte-home.jpg,aspen-canopy-crested-butte-biz.jpg,2400,1820
,the-american-west,5,ferns-and-aspens-crested-butte,Ferns and Aspens,Colorado,2020,digital645,vertical,Kebler Pass,Crested Butte,Pigment Ink,20,Limited,,ferns-and-aspens-crested-butte.jpg,ferns-and-aspens-crested-butte.jpg,ferns-and-aspens-crested-butte-home.jpg,ferns-and-aspens-crested-butte-biz.jpg,1280,1600
,the-american-west,6,granite-gone-wild-merced-canyon,Granite Gone Wild,California,2012,film45,horizontal,Merced Canyon,Mariposa County,Handmade Cibachrome,30,Limited,,granite-gone-wild-merced-canyon.jpg,granite-gone-wild-merced-canyon.jpg,granite-gone-wild-merced-canyon-home.jpg,granite-gone-wild-merced-canyon-biz.jpg,2400,1920
,the-american-west,7,morning-light-monument-valley,Morning Light,Arizona,1997,film67,vertical,North Window,Monument Valley,Pigment Ink,20,Limited,,morning-light-monument-valley.jpg,morning-light-monument-valley.jpg,morning-light-monument-valley-home.jpg,morning-light-monument-valley-biz.jpg,1932,2400
,the-american-west,8,storm-moving-over-mesa-big-water,Storm Moving Over Mesa,Arizona,2010,digital35,horizontal,Paria Wilderness,Big Water,Pigment Ink,25,Limited,,storm-moving-over-mesa-big-water.jpg,storm-moving-over-mesa-big-water.jpg,storm-moving-over-mesa-big-water-home.jpg,storm-moving-over-mesa-big-water-biz.jpg,2400,1600
,the-american-west,9,white-river-falls-oregon,White River Falls,Oregon,2013,digital35,vertical,White River,Central Oregon,Pigment Ink,30,Limited,,white-river-falls-oregon.jpg,white-river-falls-oregon.jpg,white-river-falls-oregon-home.jpg,white-river-falls-oregon-biz.jpg,1280,1600
,the-american-west-ii,1,clearing-storm-steens-junction,Clearing Storm,Oregon,2014,digital35,horizontal,A Dirt Road,Steens Mountain Wilderness,Pigment Ink,20,NULL,,clearing-storm-steens-junction.jpg,clearing-storm-steens-junction.jpg,clearing-storm-steens-junction-home.jpg,clearing-storm-steens-junction-biz.jpg,2400,1600
,the-american-west-ii,2,colorado-river-horseshoe-bend,Colorado River,Arizona,2012,digital35,horizontal,Big Bend,Page,Pigment Ink,25,Limited,,colorado-river-horseshoe-bend.jpg,colorado-river-horseshoe-bend.jpg,colorado-river-horseshoe-bend-home.jpg,colorado-river-horseshoe-bend-biz.jpg,2400,1600
,the-american-west-ii,3,two-oaks-sierra-foothills,Two Oaks,California,2011,film45,horizontal,Cathey's Valley,Sierra Foothills,Pigment Ink,20,Limited,,two-oaks-sierra-foothills.jpg,two-oaks-sierra-foothills.jpg,two-oaks-sierra-foothills-home.jpg,two-oaks-sierra-foothills-biz.jpg,2400,1720
,the-american-west-ii,4,midnight-over-clarno-john-day,Midnight over Clarno,Oregon,2014,digital35,horizontal,Clarno Unit,John Day National Monument,Pigment Ink,*,Open,,midnight-over-clarno-john-day.jpg,midnight-over-clarno-john-day.jpg,midnight-over-clarno-john-day-home.jpg,midnight-over-clarno-john-day-biz.jpg,2400,1600
,the-american-west-ii,5,el-captain-meadow-yosemite-national-park,Winter Oak,California,2008,digital35,horizontal,El Capitan Meadow,Yosemite NP,Pigment Ink,20,Limited,,el-captain-meadow-yosemite-national-park.jpg,el-captain-meadow-yosemite-national-park.jpg,el-captain-meadow-yosemite-national-park-home.jpg,el-captain-meadow-yosemite-national-park-biz.jpg,2400,1720
,the-american-west-ii,6,san-juan-river-goosenecks,San Juan River,Arizona,2013,digital35,horizontal,Goosenecks State Park,Colorado Plateau,NULL,25,Limited,,san-juan-river-goosenecks.jpg,san-juan-river-goosenecks.jpg,san-juan-river-goosenecks-home.jpg,san-juan-river-goosenecks-biz.jpg,2400,1600
,the-american-west-ii,7,aspen-reflections-sierra-nevada,Aspen Reflections,California,2012,digital35,horizontal,Green Creek,Sierra Nevada,Pigment Ink,*,Open,,aspen-reflections-sierra-nevada.jpg,aspen-reflections-sierra-nevada.jpg,aspen-reflections-sierra-nevada-home.jpg,aspen-reflections-sierra-nevada-biz.jpg,2400,1940
,the-american-west-ii,8,raindrops-on-leaves-sierra-nevada,Raindrops on Leaves,California,2011,digital35,vertical,Green Creek,Sierra Nevada,Pigment Ink,20,Limited,,raindrops-on-leaves-sierra-nevada.jpg,raindrops-on-leaves-sierra-nevada.jpg,raindrops-on-leaves-sierra-nevada-home.jpg,raindrops-on-leaves-sierra-nevada-biz.jpg,1200,1600
,the-american-west-ii,9,dusk-painted-hills,"Dusk, Painted Hills",Oregon,2012,film35,horizontal,John Day Fossil Beds,Mitchell,Pigment Ink,25,Limited,,dusk-painted-hills.jpg,dusk-painted-hills.jpg,dusk-painted-hills-home.jpg,dusk-painted-hills-biz.jpg,2400,1600
,the-american-west-ii,10,twilight-painted-hills,"Twilight, Painted Hills",Oregon,2012,digital35,horizontal,John Day Fossil Beds,Mitchell,Pigment Ink,25,Limited,,twilight-painted-hills.jpg,twilight-painted-hills.jpg,twilight-painted-hills-home.jpg,twilight-painted-hills-biz.jpg,2400,1600
,the-american-west-ii,11,four-aspens-crested-butte,"Four Aspens, Twilight",Colorado,2020,film45,vertical,Kebler Pass,Crested Butte,Handmade Cibachrome,30,Limited,,four-aspens-crested-butte.jpg,four-aspens-crested-butte.jpg,four-aspens-crested-butte-home.jpg,four-aspens-crested-butte-biz.jpg,1280,1600
,the-american-west-ii,12,twilight-garrapata,"Twilight, Garrapata",California,1999,film45,vertical,Pacific Coast,Carmel,Pigment Ink,25,Limited,,twilight-garrapata.jpg,twilight-garrapata.jpg,twilight-garrapata-home.jpg,twilight-garrapata-biz.jpg,1200,1600
,the-american-west-ii,13,moonrise-waitsburg,Moonrise,Washington,2013,film35,horizontal,Waitsburg,The Palouse,Pigment Ink,25,Limited,,moonrise-waitsburg.jpg,moonrise-waitsburg.jpg,moonrise-waitsburg-home.jpg,moonrise-waitsburg-biz.jpg,2400,1600
,cloud-light,1,ending-storm-steens-wilderness,Ending Storm,Oregon,2013,digital35,square,Along a Dirt Road,Steen's Junction,Pigment Ink,*,Open,,ending-storm-steens-wilderness.jpg,ending-storm-steens-wilderness.jpg,ending-storm-steens-wilderness-home.jpg,ending-storm-steens-wilderness-biz.jpg,2400,2400
,cloud-light,2,clouds-kanab,Swirls,Utah,2014,digital35,square,Along Hwy 89,Kanab,Pigment Ink,*,Open,,clouds-kanab.jpg,clouds-kanab.jpg,clouds-kanab-home.jpg,clouds-kanab-biz.jpg,2400,2400
,cloud-light,3,dream-clouds-ii-zion-national-park,Dream Clouds II,Utah,2014,digital35,square,East Side,Zion National Park,Pigment Ink,*,Open,,dream-clouds-ii-zion-national-park.jpg,dream-clouds-ii-zion-national-park.jpg,dream-clouds-ii-zion-national-park-home.jpg,dream-clouds-ii-zion-national-park-biz.jpg,1600,1600
,cloud-light,4,sunset-moon-clouds-paulina-peak,"Sunset, Moon, Clouds",Oregon,2014,digital35,square,Paulina Peak,Newberry Volcano Monument,Pigment Ink,*,Open,,sunset-moon-clouds-paulina-peak.jpg,sunset-moon-clouds-paulina-peak.jpg,sunset-moon-clouds-paulina-peak-home.jpg,sunset-moon-clouds-paulina-peak-biz.jpg,1600,1600
,cloud-light,5,swooping-cloud-and-bat-zion-national-park,Swooping Cloud & Bat,Utah,2015,digital35,square,Pine Creek,Zion National Park,Pigment Ink,*,Open,,swooping-cloud-and-bat-zion-national-park.jpg,swooping-cloud-and-bat-zion-national-park.jpg,swooping-cloud-and-bat-zion-national-park-home.jpg,swooping-cloud-and-bat-zion-national-park-biz.jpg,1600,1600
,cloud-light,6,clouds-point-lobos-sunset,Winter Sunset,California,2011,digital35,square,Point Lobos State Park,Carmel,Pigment Ink,NULL,Open,,clouds-point-lobos-sunset.jpg,clouds-point-lobos-sunset.jpg,clouds-point-lobos-sunset-home.jpg,clouds-point-lobos-sunset-biz.jpg,2400,2400
,cloud-light,7,clearing-storm-red-hawk-vineyard,Clearing Storm,California,2010,digital35,square,Red Hawk Vineyard,Pope Valley,Pigment Ink,*,Open,,clearing-storm-red-hawk-vineyard.jpg,clearing-storm-red-hawk-vineyard.jpg,clearing-storm-red-hawk-vineyard-home.jpg,clearing-storm-red-hawk-vineyard-biz.jpg,1600,1600
,cloud-light,8,fiery-skies-cortena,Fiery Skies,California,2016,digital35,square,Roadside,Cortena,Pigment Ink,*,Open,,firey-skies-cortena.jpg,firey-skies-cortena.jpg,firey-skies-cortena-home.jpg,firey-skies-cortena-biz.jpg,1600,1600
,cloud-light,9,cloud-maze-salinas-valley,Cloud Maze,California,2010,digital35,square,Soledad,Salinas Valley,Pigment Ink,*,Open,,cloud-maze-salinas-valley.jpg,cloud-maze-salinas-valley.jpg,cloud-maze-salinas-valley-home.jpg,cloud-maze-salinas-valley-biz.jpg,1600,1600
,cloud-light,10,dream-clouds-zion-national-park,Dream Clouds,Utah,2014,digital35,square,Wilderness,Colorado Plateau,Pigment Ink,20,Limited,,dream-clouds-zion-national-park.jpg,dream-clouds-zion-national-park.jpg,dream-clouds-zion-national-park-home.jpg,dream-clouds-zion-national-park-biz.jpg,1600,1600
,cloud-light,11,the-goddess-wire-mesa,The Goddess,Utah,2014,digital35,square,Wire Mesa,Rockville,Pigment Ink,*,Open,,the-goddess-wire-mesa.jpg,the-goddess-wire-mesa.jpg,the-goddess-wire-mesa-home.jpg,the-goddess-wire-mesa-biz.jpg,1600,1600
,icons-of-agriculture,1,grain-truck-artois-california,Grain Truck,California,2016,digital35,horizontal,Artois,Sacramento Valley,Pigment Ink,25,Limited,,grain-truck-artois-california.jpg,grain-truck-artois-california.jpg,grain-truck-artois-california-home.jpg,grain-truck-artois-california-biz.jpg,2400,1639
,icons-of-agriculture,2,granary-detail-artois,Pastels,California,2015,digital35,vertical,Artois,Sacramento Valley,Pigment Ink,25,Limited,,granary-detail-artois.jpg,granary-detail-artois.jpg,granary-detail-artois-home.jpg,granary-detail-artois-biz.jpg,1200,1600
,icons-of-agriculture,3,grain-dryer-colby,Grain Dryer,Kansas,2021,digital645,vertical,Cornerstone AG,Colby,Pigment Ink,20,Limited,,grain-dryer-colby.jpg,grain-dryer-colby.jpg,grain-dryer-colby-home.jpg,grain-dryer-colby-biz.jpg,1228,1600
,icons-of-agriculture,4,electric-cortena,Electric,California,2014,digital35,horizontal,Cortena,Sacramento Valley,Pigment Ink,25,Limited,,electric-cortena.jpg,electric-cortena.jpg,electric-cortena-home.jpg,electric-cortena-biz.jpg,2400,1620
,icons-of-agriculture,5,conveyance-delevan,Conveyance,California,2017,digital35,horizontal,Delevan,Sacramento Valley,Pigment Ink,20,Limited,,conveyance-delevan.jpg,conveyance-delevan.jpg,conveyance-delevan-home.jpg,conveyance-delevan-biz.jpg,2400,1720
,icons-of-agriculture,6,elevator-detail-delevan,Glowing Stack,California,2013,digital35,vertical,Delevan,Sacramento Valley,Pigment Ink,25,Limited,,elevator-detail-delevan.jpg,elevator-detail-delevan.jpg,elevator-detail-delevan-home.jpg,elevator-detail-delevan-biz.jpg,1140,1600
,icons-of-agriculture,7,granary-detail-dufur,Granary Ladder,Washington,2019,digital645,vertical,Dufur,Wasco County,Pigment Ink,25,Limited,,granary-detail-dufur.jpg,granary-detail-dufur.jpg,granary-detail-dufur-home.jpg,granary-detail-dufur-biz.jpg,1200,1600
,icons-of-agriculture,8,wall-street-dufur,Wall Street,Oregon,2018,digital645,vertical,Dufur,Wasco County,Pigment Ink,25,Limited,,wall-street-dufur.jpg,wall-street-dufur.jpg,wall-street-dufur-home.jpg,wall-street-dufur-biz.jpg,1200,1600
,icons-of-agriculture,9,holding-silos-horace,Holding Silos,Kansas,2021,digital645,vertical,Horace,Greeley County,Pigment Ink,25,Limited,,holding-silos-horace.jpg,holding-silos-horace.jpg,holding-silos-horace-home.jpg,holding-silos-horace-biz.jpg,1200,1600
,icons-of-agriculture,10,abandoned-granary-ione,Abandoned,Oregon,2014,digital35,vertical,Ione,Morrow County,Pigment Ink,25,Limited,,abandoned-granary-ione.jpg,abandoned-granary-ione.jpg,abandoned-granary-ione-home.jpg,abandoned-granary-ione-biz.jpg,1100,1600
,icons-of-agriculture,11,granary-and-field-in-rain-kellog-hollow,Granary and Field in Rain,Washington,2013,digital35,horizontal,Kellog Hollow,The Palouse,Pigment Ink,25,Limited,,granary-and-field-in-rain-kellog-hollow.jpg,granary-and-field-in-rain-kellog-hollow.jpg,granary-and-field-in-rain-kellog-hollow-home.jpg,granary-and-field-in-rain-kellog-hollow-biz.jpg,2400,1600
,icons-of-agriculture,12,inside-view-kennedy-ford,Inside View,Idaho,2022,digital645,vertical,Kennedy Ford,Potlatch,Pigment Ink,25,Limited,,inside-view-kennedy-ford.jpg,inside-view-kennedy-ford.jpg,inside-view-kennedy-ford-home.jpg,inside-view-kennedy-ford-biz.jpg,1200,1600
,icons-of-agriculture,13,clearing-storm-the-palouse,Clearing Storm,Washington,2018,digital645,horizontal,Lion's Ferry Road,The Palouse,Pigment Ink,25,Limited,,clearing-storm-the-palouse.jpg,clearing-storm-the-palouse.jpg,clearing-storm-the-palouse-home.jpg,clearing-storm-the-palouse-biz.jpg,2400,1820
,icons-of-agriculture,14,stacks-and-stairs-delevan,Stacks and Stairs,California,2015,digital35,vertical,Old Route 99,Delevan,Pigment Ink,20,Limited,,stacks-and-stairs-delevan.jpg,stacks-and-stairs-delevan.jpg,stacks-and-stairs-delevan-home.jpg,stacks-and-stairs-delevan-biz.jpg,1140,1600
,icons-of-agriculture,15,red-off-white-and-blue-palouse,"Red, Off White, and Blue",Washington,2022,digital645,horizontal,Palouse,Whitman County,Pigment Ink,25,Limited,,red-off-white-and-blue-palouse.jpg,red-off-white-and-blue-palouse.jpg,red-off-white-and-blue-palouse-home.jpg,red-off-white-and-blue-palouse-biz.jpg,2400,1820
,icons-of-agriculture,16,silver-silos-pomeroy,Silver Silos,Washington,2017,digital645,horizontal,Pomeroy,The Palouse,Pigment Ink,25,Limited,,silver-silos-pomeroy.jpg,silver-silos-pomeroy.jpg,silver-silos-pomeroy-home.jpg,silver-silos-pomeroy-biz.jpg,2400,1600
,icons-of-agriculture,17,emergency-use-only-ritzville,Emergency Use Only,Oregon,2020,digital645,vertical,Ritzville,Adams County,Pigment Ink,20,Limited,,emergency-use-only-ritzville.jpg,emergency-use-only-ritzville.jpg,emergency-use-only-ritzville-home.jpg,emergency-use-only-ritzville-biz.jpg,1200,1600
,icons-of-agriculture,18,old-granary-walters,Granary and Moon,Washington,2022,digital645,vertical,Walters Road,Garfield,Pigment Ink,25,Limited,,old-granary-walters.jpg,old-granary-walters.jpg,old-granary-walters-home.jpg,old-granary-walters-biz.jpg,1280,1600
,icons-of-agriculture,19,irrigation-pipes-on-truck-williams,Pipes on Truck,California,2014,digital35,horizontal,Williams,Sacramento Valley,Pigment Ink,25,Limited,,irrigation-pipes-on-truck-williams.jpg,irrigation-pipes-on-truck-williams.jpg,irrigation-pipes-on-truck-williams-home.jpg,irrigation-pipes-on-truck-williams-biz.jpg,2400,1600
,icons-of-agriculture,20,stacked-pipes-winters,Stacked Pipes,California,2013,digital35,vertical,Winters,Sacramento Valley,Pigment Ink,25,Limited,,stacked-pipes-winters.jpg,stacked-pipes-winters.jpg,stacked-pipes-winters-home.jpg,stacked-pipes-winters-biz.jpg,1100,1600
,icons-of-agriculture-iii,1,gas-tank-artois,Gas Tank,California,2015,digital35,vertical,Artois,Sacramento Valley,Pigment Ink,25,Limited,,gas-tank-artois.jpg,gas-tank-artois.jpg,gas-tank-artois-home.jpg,gas-tank-artois-biz.jpg,1100,1600
,icons-of-agriculture-iii,2,the-blue-door-condon,The Blue Door,Oregon,2018,digital645,vertical,Condon,Gilliam County,Pigment Ink,25,Limited,,the-blue-door-condon.jpg,the-blue-door-condon.jpg,the-blue-door-condon-home.jpg,the-blue-door-condon-biz.jpg,1200,1600
,icons-of-agriculture-iii,3,filtration-colby,"Dryer, Large Granary",Kansas,2021,digital645,vertical,Cornerstone AG,Colby,Pigment Ink,20,Limited,,filtration-colby.jpg,filtration-colby.jpg,filtration-colby-home.jpg,filtration-colby-biz.jpg,2400,1820
,icons-of-agriculture-iii,4,silo-102-cortena,Silo 102,California,2016,digital35,horizontal,Cortena,Sacramento Valley,Pigment Ink,25,Limited,,silo-102-cortena.jpg,silo-102-cortena.jpg,silo-102-cortena-home.jpg,silo-102-cortena-biz.jpg,2400,1600
,icons-of-agriculture-iii,5,chutes-davenport,Chutes and Ladders,Washington,2020,digital645,vertical,Davenport,Lincoln County,Pigment Ink,25,Limited,,chutes-davenport.jpg,chutes-davenport.jpg,chutes-davenport-home.jpg,chutes-davenport-biz.jpg,1200,1600
,icons-of-agriculture-iii,6,cooperative-davenport,Union,Washington,2020,digital645,horizontal,Davenport,Lincoln County,Pigment Ink,20,Limited,,cooperative-davenport.jpg,cooperative-davenport.jpg,cooperative-davenport-home.jpg,cooperative-davenport-biz.jpg,2400,1820
,icons-of-agriculture-iii,7,the-grand-staircase-bend,The Grand Staircase,Oregon,2013,digital35,vertical,Deschutes Brewery,Bend,Pigment Ink,25,Limited,,the-grand-staircase-bend.jpg,the-grand-staircase-bend.jpg,the-grand-staircase-bend-home.jpg,the-grand-staircase-bend-biz.jpg,1100,1600
,icons-of-agriculture-iii,8,granary-endicott,Granary in Grey,Washington,2018,digital645,horizontal,Endicott,The Palouse,Pigment Ink,25,Limited,,granary-endicott.jpg,granary-endicott.jpg,granary-endicott-home.jpg,granary-endicott-biz.jpg,2400,1820
,icons-of-agriculture-iii,9,the-bird-that-would-not-leave-garfield,The Bird that Refused to Leave,Washington,2019,digital645,vertical,Garfield,Whitman County,Pigment Ink,25,Limited,,the-bird-that-would-not-leave-garfield.jpg,the-bird-that-would-not-leave-garfield.jpg,the-bird-that-would-not-leave-garfield-home.jpg,the-bird-that-would-not-leave-garfield-biz.jpg,1200,1600
,icons-of-agriculture-iii,10,support-straps-la-crosse,Exposed,Washington,2018,digital645,vertical,La Crosse,The Palouse,Pigment Ink,25,Limited,,support-straps-la-crosse.jpg,support-straps-la-crosse.jpg,support-straps-la-crosse-home.jpg,support-straps-la-crosse-biz.jpg,1200,1600
,icons-of-agriculture-iii,11,glowing-silos-lions-ferry-road,Glowing Silos,Washington,2018,digital645,horizontal,Lions Ferry Road,The Palouse,Pigment Ink,25,Limited,,glowing-silos-lions-ferry-road.jpg,glowing-silos-lions-ferry-road.jpg,glowing-silos-lions-ferry-road-home.jpg,glowing-silos-lions-ferry-road-biz.jpg,2400,1820
,icons-of-agriculture-iii,12,weathered-pipes-macdoel,Weathered Pipes,California,2014,digital35,vertical,Macdoel,Siskiyou County,Pigment Ink,25,Limited,,weathered-pipes-macdoel.jpg,weathered-pipes-macdoel.jpg,weathered-pipes-macdoel-home.jpg,weathered-pipes-macdoel-biz.jpg,1200,1600
,icons-of-agriculture-iii,13,red-coupler-palouse,Red Coupler,Washington,2022,digital645,horizontal,Palouse,Whitman County,Pigment Ink,25,Limited,,red-coupler-palouse.jpg,red-coupler-palouse.jpg,red-coupler-palouse-home.jpg,red-coupler-palouse-biz.jpg,2400,1820
,icons-of-agriculture-iii,14,waste-bin-palouse-city,Waste Bin,Washington,2019,digital645,vertical,Palouse City,Palouse,Pigment Ink,20,Limited,,waste-bin-palouse-city.jpg,waste-bin-palouse-city.jpg,waste-bin-palouse-city-home.jpg,waste-bin-palouse-city-biz.jpg,1200,1600
,icons-of-agriculture-iii,15,glowing-silos-and-moon-willows,Glowing Silos and Moon,California,2016,digital35,vertical,Willows,Sacramento Valley,Pigment Ink,25,Limited,,glowing-silos-and-moon-willows.jpg,glowing-silos-and-moon-willows.jpg,glowing-silos-and-moon-willows-home.jpg,glowing-silos-and-moon-willows-biz.jpg,1100,1600
,icons-of-agriculture-iii,16,grain-loader-willows,Grain Loader,California,2016,digital35,horizontal,Willows,Sacramento Valley,Pigment Ink,25,Limited,,grain-loader-willows.jpg,grain-loader-willows.jpg,grain-loader-willows-home.jpg,grain-loader-willows-biz.jpg,2400,1600
,icons-of-agriculture-iii,17,silos-reflected-willows,"Silos, Reflected",California,2016,digital35,vertical,Willows,Sacramento Valley,Pigment Ink,25,Limited,,silos-reflected-willows.jpg,silos-reflected-willows.jpg,silos-reflected-willows-home.jpg,silos-reflected-willows-biz.jpg,1100,1600
,icons-of-agriculture-ii,1,details-cheyenne,Details,Colorado,2021,digital645,vertical,Cheyenne Wells,Cheyenne County,Pigment Ink,25,Limited,,details-cheyenne.jpg,details-cheyenne.jpg,details-cheyenne-home.jpg,details-cheyenne-biz.jpg,1200,1600
,icons-of-agriculture-ii,2,weathered-door-salinas,Fractures,California,2011,digital35,vertical,Chualar,Salinas Valley,Pigment Ink,25,Limited,,weathered-door-salinas.jpg,weathered-door-salinas.jpg,weathered-door-salinas-home.jpg,weathered-door-salinas-biz.jpg,1100,1600
,icons-of-agriculture-ii,3,air-pipes-chandon,Air Pipes,Oregon,2018,digital645,horizontal,Condon,Gilliam County,Pigment Ink,25,Limited,,air-pipes-chandon.jpg,air-pipes-chandon.jpg,air-pipes-chandon-home.jpg,air-pipes-chandon-biz.jpg,2400,1820
,icons-of-agriculture-ii,4,granary-detail-cortena,Twilight,California,2019,digital645,vertical,Cortena,Sacramento Valley,Pigment Ink,25,Limited,,granary-detail-cortena.jpg,granary-detail-cortena.jpg,granary-detail-cortena-home.jpg,granary-detail-cortena-biz.jpg,1100,1600
,icons-of-agriculture-ii,5,stacks-and-ladder-cortena,Stacks and Ladder,California,2016,digital645,vertical,Cortena,Sacramento Valley,Pigment Ink,25,Limited,,stacks-and-ladder-cortena.jpg,stacks-and-ladder-cortena.jpg,stacks-and-ladder-cortena-home.jpg,stacks-and-ladder-cortena-biz.jpg,1100,1600
,icons-of-agriculture-ii,6,luminance-dufur,Luminance,Oregon,2018,digital645,horizontal,Dufur,Wasco County,Pigment Ink,25,Limited,,luminance-dufur.jpg,luminance-dufur.jpg,luminance-dufur-home.jpg,luminance-dufur-biz.jpg,2400,1820
,icons-of-agriculture-ii,7,grain-truck-endicott,Grain Truck,Washington,2019,digital645,horizontal,Endicott,Whitman County,Pigment Ink,25,Limited,,grain-truck-endicott.jpg,grain-truck-endicott.jpg,grain-truck-endicott-home.jpg,grain-truck-endicott-biz.jpg,2400,1820
,icons-of-agriculture-ii,8,chutes-and-pulleys-harrington,Chutes and Pulleys,Washington,2020,digital645,vertical,Harrington,Lincoln County,Pigment Ink,25,Limited,,chutes-and-pulleys-harrington.jpg,chutes-and-pulleys-harrington.jpg,chutes-and-pulleys-harrington-home.jpg,chutes-and-pulleys-harrington-biz.jpg,1200,1600
,icons-of-agriculture-ii,9,no-808-harrington,No. 808,Washington,2020,digital645,vertical,Harrington,Lincoln County,Pigment Ink,25,Limited,,no-808-harrington.jpg,no-808-harrington.jpg,no-808-harrington-home.jpg,no-808-harrington-biz.jpg,1200,1600
,icons-of-agriculture-ii,10,warm-and-cool-ione,Warm and Cool,Oregon,2019,film35,vertical,Ione,Morrow County,Pigment Ink,25,Limited,,warm-and-cool-ione.jpg,warm-and-cool-ione.jpg,warm-and-cool-ione-home.jpg,warm-and-cool-ione-biz.jpg,1100,1600
,icons-of-agriculture-ii,11,granary-at-dusk-the-palouse,Last Light,Washington,2014,digital35,horizontal,Lion's Ferry Road,The Palouse,Pigment Ink,25,Limited,,granary-at-dusk-the-palouse.jpg,granary-at-dusk-the-palouse.jpg,granary-at-dusk-the-palouse-home.jpg,granary-at-dusk-the-palouse-biz.jpg,2400,1720
,icons-of-agriculture-ii,12,roofline-pickard,Roofline,Washington,2014,digital35,horizontal,Near Pickard,The Palouse,Pigment Ink,25,Limited,,roofline-pickard.jpg,roofline-pickard.jpg,roofline-pickard-home.jpg,roofline-pickard-biz.jpg,2400,1600
,icons-of-agriculture-ii,13,sliding-doors-and-stacks-pomeroy,Sliding Doors,Washington,2017,digital645,vertical,Pomeroy,The Palouse,Pigment Ink,25,Limited,,sliding-doors-and-stacks-pomeroy.jpg,sliding-doors-and-stacks-pomeroy.jpg,sliding-doors-and-stacks-pomeroy-home.jpg,sliding-doors-and-stacks-pomeroy-biz.jpg,1088,1600
,icons-of-agriculture-ii,14,forms-walters,Forms,Washington,2022,digital645,horizontal,Walters Road,Garfield,Pigment Ink,25,Limited,,forms-walters.jpg,forms-walters.jpg,forms-walters-home.jpg,forms-walters-biz.jpg,2400,1820
,icons-of-agriculture-ii,15,granary-and-moon-walters,Granary and Moon,Washington,2022,digital645,horizontal,Walters Road,Garfield,Pigment Ink,25,Limited,,granary-and-moon-walters.jpg,granary-and-moon-walters.jpg,granary-and-moon-walters-home.jpg,granary-and-moon-walters-biz.jpg,2400,1820
,icons-of-agriculture-ii,16,granary-washtucna,Emptiness,Washington,2015,digital645,vertical,Washtucna,The Palouse,Pigment Ink,25,Limited,,granary-washtucna.jpg,granary-washtucna.jpg,granary-washtucna-home.jpg,granary-washtucna-biz.jpg,1173,1600
,icons-of-agriculture-ii,17,ramshackle-granary-winona,Ramshackle Granary,Washington,2017,digital35,vertical,Winona,The Palouse,NULL,25,Limited,,ramshackle-granary-winona.jpg,ramshackle-granary-winona.jpg,ramshackle-granary-winona-home.jpg,ramshackle-granary-winona-biz.jpg,1200,1600
,icons-of-agriculture-iv,1,stairs-cheney,Stairs,Washington,2020,digital645,horizontal,Cheney,Spokane County,Pigment Ink,25,Limited,,stairs-cheney.jpg,stairs-cheney.jpg,stairs-cheney-home.jpg,stairs-cheney-biz.jpg,2400,1820
,icons-of-agriculture-iv,2,granary-wall-detail-chandon,Cement Silos,Oregon,2015,digital35,vertical,Condon,Gilliam County,Pigment Ink,25,Limited,,granary-wall-detail-chandon.jpg,granary-wall-detail-chandon.jpg,granary-wall-detail-chandon-home.jpg,granary-wall-detail-chandon-biz.jpg,1200,1600
,icons-of-agriculture-iv,3,granary-detail-ii-cortena,Granary Detail II,California,2021,digital645,vertical,Cortena,Sacramento Valley,Pigment Ink,25,Limited,,granary-detail-ii-cortena.jpg,granary-detail-ii-cortena.jpg,granary-detail-ii-cortena-home.jpg,granary-detail-ii-cortena-biz.jpg,1280,1600
,icons-of-agriculture-iv,4,granary-detail-ione,Granary Detail,Oregon,2014,digital35,vertical,Ione,Morrow County,Pigment Ink,25,Limited,,granary-detail-ione.jpg,granary-detail-ione.jpg,granary-detail-ione-home.jpg,granary-detail-ione-biz.jpg,1140,1600
,icons-of-agriculture-iv,5,ventilation-palouse,Ventilation,Washington,2022,digital645,horizontal,Palouse,Whitman County,Pigment Ink,25,Limited,,ventilation-palouse.jpg,ventilation-palouse.jpg,ventilation-palouse-home.jpg,ventilation-palouse-biz.jpg,2400,1720
,zion-national-park-ancient-sands,1,pink-tapestry-zion-national-park,Pink Tapestry,Utah,2015,film45,vertical,Center of the Universe,Zion National Park,Handmade Cibachrome,30,Limited,,pink-tapestry-zion-national-park.jpg,pink-tapestry-zion-national-park.jpg,pink-tapestry-zion-national-park-home.jpg,pink-tapestry-zion-national-park-biz.jpg,1280,1600
,zion-national-park-ancient-sands,2,two-stones-and-a-moon-zion-national-park,Two Stones and a Moon,Utah,2014,film67,vertical,Center of the Universe,Zion National Park,Pigment Ink,30,Limited,,two-stones-and-a-moon-zion-national-park.jpg,two-stones-and-a-moon-zion-national-park.jpg,two-stones-and-a-moon-zion-national-park-home.jpg,two-stones-and-a-moon-zion-national-park-biz.jpg,1280,1600
,zion-national-park-ancient-sands,3,the-cosmic-wall-zion-national-park,The Cosmic Wall,Utah,2017,film45,horizontal,Clear Creek,Zion National Park,Handmade Cibachrome,30,Limited,,the-cosmic-wall-zion-national-park.jpg,the-cosmic-wall-zion-national-park.jpg,the-cosmic-wall-zion-national-park-home.jpg,the-cosmic-wall-zion-national-park-biz.jpg,2400,1920
,zion-national-park-ancient-sands,4,fire-rock-zion-national-park,Fire Rock,Utah,2014,film45,vertical,Middle Taylor Creek,Kolob Canyons,Pigment Ink,30,Limited,,fire-rock-zion-national-park.jpg,fire-rock-zion-national-park.jpg,fire-rock-zion-national-park-home.jpg,fire-rock-zion-national-park-biz.jpg,1280,1600
,zion-national-park-ancient-sands,5,eight-stones-zion-national-park,Eight Stones,Utah,2015,film45,vertical,Wilderness,Zion National Park,Handmade Cibachrome,30,Limited,,eight-stones-zion-national-park.jpg,eight-stones-zion-national-park.jpg,eight-stones-zion-national-park-home.jpg,eight-stones-zion-national-park-biz.jpg,1280,1600
,zion-national-park-ancient-sands,6,swirls-zion-national-park,Swirls,Utah,2014,film45,vertical,Wilderness,Zion National Park,Handmade Cibachrome,30,Limited,,swirls-zion-national-park.jpg,swirls-zion-national-park.jpg,swirls-zion-national-park-home.jpg,swirls-zion-national-park-biz.jpg,1280,1600
,zion-national-park-autumn,1,maple-canopy-clear-creek,Maple Canopy,Utah,2020,film45,vertical,Clear Creek,Zion National Park,Handmade Cibachrome,30,Limited,,maple-canopy-clear-creek.jpg,maple-canopy-clear-creek.jpg,maple-canopy-clear-creek-home.jpg,maple-canopy-clear-creek-biz.jpg,1280,1600
,zion-national-park-autumn,2,pink-and-yellow-maple-zion-national-park-utah,Pink and Yellow Maples,Utah,2013,digital35,vertical,Clear Creek,Zion's East Side,Pigment Ink,25,Limited,,pink-and-yellow-maple-zion-national-park-utah.jpg,pink-and-yellow-maple-zion-national-park-utah.jpg,pink-and-yellow-maple-zion-national-park-utah-home.jpg,pink-and-yellow-maple-zion-national-park-utah-biz.jpg,1920,2400
,zion-national-park-autumn,3,pine-and-maples-east-side-canyon,Pine and Maples,Utah,2017,film45,vertical,East Side Canyon,Zion National Park,Handmade Cibachrome,30,Limited,,pine-and-maples-east-side-canyon.jpg,pine-and-maples-east-side-canyon.jpg,pine-and-maples-east-side-canyon-home.jpg,pine-and-maples-east-side-canyon-biz.jpg,1280,1600
,zion-national-park-autumn,4,leaf-and-yucca-kolob-canyons,Leaf and Yucca,Utah,2016,film45,vertical,Kolob Canyons,Zion National Park,Handmade Cibachrome,30,Limited,,leaf-and-yucca-kolob-canyons.jpg,leaf-and-yucca-kolob-canyons.jpg,leaf-and-yucca-kolob-canyons-home.jpg,leaf-and-yucca-kolob-canyons-biz.jpg,1280,1600
,zion-national-park-autumn,5,radiant-trees-at-dusk-kolob-canyons,Radiant Trees at Dusk,Utah,2012,film45,horizontal,Kolob Canyons,Zion National Park,Handmade Cibachrome,30,Limited,,radiant-trees-at-dusk-kolob-canyons.jpg,radiant-trees-at-dusk-kolob-canyons.jpg,radiant-trees-at-dusk-kolob-canyons-home.jpg,radiant-trees-at-dusk-kolob-canyons-biz.jpg,2400,1920
,zion-national-park-autumn,6,transitions-zion-national-park,Transitions,Utah,2009,film45,vertical,Pine Creek Canyon,ZIon National Park,Handmade Cibachrome,30,Limited,,transitions-zion-national-park.jpg,transitions-zion-national-park.jpg,transitions-zion-national-park-home.jpg,transitions-zion-national-park-biz.jpg,1280,1600
,zion-national-park-autumn,7,last-leaves-zion-national-park,Last Leaves,Utah,2013,film45,vertical,Taylor Creek,Kolob Canyons,Handmade Cibachrome,30,Limited,,last-leaves-zion-national-park.jpg,last-leaves-zion-national-park.jpg,last-leaves-zion-national-park-home.jpg,last-leaves-zion-national-park-biz.jpg,1280,1600
,zion-national-park-autumn,8,generations-upper-east-side,Generations,Utah,2019,film45,vertical,Upper East Side,Zion National Park,Handmade Cibachrome,30,Limited,,generations-upper-east-side.jpg,generations-upper-east-side.jpg,generations-upper-east-side-home.jpg,generations-upper-east-side-biz.jpg,1280,1600
,zion-national-park-autumn,9,leaves-reflecting-sky-upper-east-side,Leaves Reflecting Sky,Utah,2017,film45,vertical,Upper East Side,Zion National Park,NULL,30,Limited,,leaves-reflecting-sky-upper-east-side.jpg,leaves-reflecting-sky-upper-east-side.jpg,leaves-reflecting-sky-upper-east-side-home.jpg,leaves-reflecting-sky-upper-east-side-biz.jpg,1280,1600
,zion-national-park-autumn,10,blushing-brides-zion-canyon,Blushing Brides,Utah,2005,film45,vertical,Zion Canyon,Zion National Park,Handmade Cibachrome,30,Limited,,blushing-brides-zion-canyon.jpg,blushing-brides-zion-canyon.jpg,blushing-brides-zion-canyon-home.jpg,blushing-brides-zion-canyon-biz.jpg,1280,1600
,zion-national-park-autumn,11,three-maples-zion-national-park,Three Maples,Utah,2013,film45,vertical,Zion Canyon,Zion National Park,Pigment Ink,30,Limited,,three-maples-zion-national-park.jpg,three-maples-zion-national-park.jpg,three-maples-zion-national-park-home.jpg,three-maples-zion-national-park-biz.jpg,1280,1600
,zion-national-park-autumn-ii,1,twilight-maples-clear-creek,Twilight Maples,Utah,2016,film45,horizontal,Clear Creek,Zion National Park,Handmade Cibachrome,30,Limited,,twilight-maples-clear-creek.jpg,twilight-maples-clear-creek.jpg,twilight-maples-clear-creek-home.jpg,twilight-maples-clear-creek-biz.jpg,2400,1920
,zion-national-park-autumn-ii,2,luminous-pine-east-side-canyon,Luminous Pine,Utah,2018,film45,NULL,East Side Canyon,Zion National Park,Handmade Cibachrome,30,Limited,,luminous-pine-east-side-canyon.jpg,luminous-pine-east-side-canyon.jpg,luminous-pine-east-side-canyon-home.jpg,luminous-pine-east-side-canyon-biz.jpg,1280,1600
,zion-national-park-autumn-ii,3,trees-of-life-i-east-side-canyon,Trees of Life I,Utah,2013,film45,vertical,East Side Canyon,Zion National Park,Handmade Cibachrome,30,Limited,,trees-of-life-i-east-side-canyon.jpg,trees-of-life-i-east-side-canyon.jpg,trees-of-life-i-east-side-canyon-home.jpg,trees-of-life-i-east-side-canyon-biz.jpg,1280,1600
,zion-national-park-autumn-ii,4,leaves-pretending-to-be-water-echo-canyon,Leaves Pretending to be Water,Utah,2012,film45,vertical,Echo Canyon,Zion National Park,Handmade Cibachrome,20,Limited,,leaves-pretending-to-be-water-echo-canyon.jpg,leaves-pretending-to-be-water-echo-canyon.jpg,leaves-pretending-to-be-water-echo-canyon-home.jpg,leaves-pretending-to-be-water-echo-canyon-biz.jpg,1280,1600
,zion-national-park-autumn-ii,5,fertile-ground-zion-canyon,Fertile Ground,Utah,2018,film45,vertical,Main Canyon,Zion National Park,Handmade Cibachrome,30,Limited,,fertile-ground-zion-canyon.jpg,fertile-ground-zion-canyon.jpg,fertile-ground-zion-canyon-home.jpg,fertile-ground-zion-canyon-biz.jpg,1280,1600
,zion-national-park-autumn-ii,6,maples-in-rain-zion-canyon,Maples in Rain,Utah,2016,film45,vertical,Main Canyon,Zion National Park,Handmade Cibachrome,30,Limited,,maples-in-rain-zion-canyon.jpg,maples-in-rain-zion-canyon.jpg,maples-in-rain-zion-canyon-home.jpg,maples-in-rain-zion-canyon-biz.jpg,1280,1600
,zion-national-park-autumn-ii,7,tree-of-life-ii-kolob-canyons,Tree of Life II,Utah,2016,film45,horizontal,Taylor Creek South,Kolob Canyons,Handmade Cibachrome,30,Limited,,tree-of-life-ii-kolob-canyons.jpg,tree-of-life-ii-kolob-canyons.jpg,tree-of-life-ii-kolob-canyons-home.jpg,tree-of-life-ii-kolob-canyons-biz.jpg,2400,1920
,zion-national-park-autumn-ii,8,bare-trees-and-foliage-zion-canyon,Bare Trees and Foliage,Utah,2016,film45,horizontal,Temple of Sinawava,Zion National Park,Handmade Cibachrome,30,Limited,,bare-trees-and-foliage-zion-canyon.jpg,bare-trees-and-foliage-zion-canyon.jpg,bare-trees-and-foliage-zion-canyon-home.jpg,bare-trees-and-foliage-zion-canyon-biz.jpg,2400,1920
,zion-national-park-autumn-ii,9,solemnity-zion-national-park,Solemnity,Utah,2019,film45,horizontal,Temple of Sinawava,Zion National Park,Handmade Cibachrome,30,Limited,,solemnity-zion-national-park.jpg,solemnity-zion-national-park.jpg,solemnity-zion-national-park-home.jpg,solemnity-zion-national-park-biz.jpg,2400,1613
,zion-national-park-autumn-ii,10,root-chaos-upper-east-side,Root Chaos,Utah,2011,film45,vertical,Upper East Side,Zion National Park,Handmade Cibachrome,20,Limited,,root-chaos-upper-east-side.jpg,root-chaos-upper-east-side.jpg,root-chaos-upper-east-side-home.jpg,root-chaos-upper-east-side-biz.jpg,1280,1600
,zion-national-park-autumn-ii,11,morning-maples-zion-canyon,Morning Maples,Utah,2019,film45,vertical,Zion Canyon,Zion National Park,Handmade Cibachrome,20,Limited,,morning-maples-zion-canyon-2.jpg,morning-maples-zion-canyon-2.jpg,morning-maples-zion-canyon-2-home.jpg,morning-maples-zion-canyon-2-biz.jpg,1280,1600
,zion-national-park-watercourse-way,1,reflections-subway-zion-national-park,Reflections,Utah,2018,digital645,horizontal,The Subway,North Fork,Pigment Ink,20,Limited,,reflections-subway-zion-national-park.jpg,reflections-subway-zion-national-park.jpg,reflections-subway-zion-national-park-home.jpg,reflections-subway-zion-national-park-biz.jpg,2400,1800
,zion-national-park-watercourse-way,2,along-the-river-zion-national-park,Along the River,Utah,2006,film45,horizontal,Virgin River,Zion National Park,Handmade Cibachrome,35,Limited,,along-the-river-zion-national-park.jpg,along-the-river-zion-national-park.jpg,along-the-river-zion-national-park-home.jpg,along-the-river-zion-national-park-biz.jpg,2400,1940
,zion-national-park-watercourse-way,3,reflections-14-virgin-river-master,Reflections #14,Utah,2012,film45,horizontal,Virgin River,Zion National Park,Handmade Cibachrome,30,Limited,,reflections-14-virgin-river-master.jpg,reflections-14-virgin-river-master.jpg,reflections-14-virgin-river-master-home.jpg,reflections-14-virgin-river-master-biz.jpg,2400,1920
,zion-national-park-watercourse-way,4,reflections-03-zion-national-park,Reflections #3,Utah,2012,film45,horizontal,Virgin River,Zion National Park,Handmade Cibachrome,30,Limited,,reflections-03-zion-national-park.jpg,reflections-03-zion-national-park.jpg,reflections-03-zion-national-park-home.jpg,reflections-03-zion-national-park-biz.jpg,2400,1448
,zion-national-park-watercourse-way,5,velvet-reflections-zion-national-park,Velvet Reflections,Utah,2006,film45,horizontal,Virgin River,Zion National Park,Handmade Cibachrome,15,Limited,,velvet-reflections-zion-national-park.jpg,velvet-reflections-zion-national-park.jpg,velvet-reflections-zion-national-park-home.jpg,velvet-reflections-zion-national-park-biz.jpg,2400,1920
,zion-national-park,1,leaf-and-sand-zion-national-park,Leaf and Sand,Utah,2015,film45,horizontal,Clear Creek,Zion National Park,Handmade Cibachrome,30,Limited,,leaf-and-sand-zion-national-park.jpg,leaf-and-sand-zion-national-park.jpg,leaf-and-sand-zion-national-park-home.jpg,leaf-and-sand-zion-national-park-biz.jpg,2400,1920
,zion-national-park,2,the-way-of-wood-clear-creek-zion,The Topography of Wood,Utah,2015,film45,horizontal,Clear Creek,Zion National Park,Handmade Cibachrome,20,Limited,,the-way-of-wood-clear-creek-zion.jpg,the-way-of-wood-clear-creek-zion.jpg,the-way-of-wood-clear-creek-zion-home.jpg,the-way-of-wood-clear-creek-zion-biz.jpg,2400,1901
,zion-national-park,3,in-the-shadow-of-stone-zion-national-park,In the Shadow of Stone,Utah,2013,film45,vertical,East Side,Zion National Park,Handmade Cibachrome,30,Limited,,in-the-shadow-of-stone-zion-national-park.jpg,in-the-shadow-of-stone-zion-national-park.jpg,in-the-shadow-of-stone-zion-national-park-home.jpg,in-the-shadow-of-stone-zion-national-park-biz.jpg,1280,1600
,zion-national-park,4,canyon-light-zion-national-park,Canyon Light,Utah,2014,film45,horizontal,Echo Canyon,Zion National Park,Handmade Cibachrome,30,Limited,,canyon-light-zion-national-park.jpg,canyon-light-zion-national-park.jpg,canyon-light-zion-national-park-home.jpg,canyon-light-zion-national-park-biz.jpg,2400,1820
,zion-national-park,5,glowing-grasses-zion-national-park,Glowing Grasses,Utah,2018,digital645,horizontal,Lower Pine Creek,Zion National Park,Pigment Ink,20,Limited,,glowing-grasses-zion-national-park.jpg,glowing-grasses-zion-national-park.jpg,glowing-grasses-zion-national-park-home.jpg,glowing-grasses-zion-national-park-biz.jpg,2400,1820
,zion-national-park,6,springtime-melody-zion-national-park,Springtime Melody,Utah,1997,film35,horizontal,Middle Taylor Creek,Zion National Park,Pigment Ink,30,Limited,,springtime-melody-zion-national-park.jpg,springtime-melody-zion-national-park.jpg,springtime-melody-zion-national-park-home.jpg,springtime-melody-zion-national-park-biz.jpg,2400,1600
,zion-national-park,7,old-friends-zion-national-park,Old Friends,Utah,2016,film45,horizontal,Upper East Side,Zion National Park,Handmade Cibachrome,30,Limited,,old-friends-zion-national-park.jpg,old-friends-zion-national-park.jpg,old-friends-zion-national-park-home.jpg,old-friends-zion-national-park-biz.jpg,2400,1820
,zion-national-park,8,midnight-over-big-bend-zion,Midnight over Big Bend,Utah,2018,digital645,horizontal,Virgin River,Zion National Park,Pigment Ink,25,Limited,,midnight-over-big-bend-zion.jpg,midnight-over-big-bend-zion.jpg,midnight-over-big-bend-zion-home.jpg,midnight-over-big-bend-zion-biz.jpg,2400,1600
,zion-national-park,9,remnants-zion-national-park,Remnants,Utah,2014,film45,vertical,Virgin River,Zion Canyon,Handmade Cibachrome,30,Limited,,remnants-zion-national-park.jpg,remnants-zion-national-park.jpg,remnants-zion-national-park-home.jpg,remnants-zion-national-park-biz.jpg,1272,1600
,zion-national-park,10,winter-cottonwoods-zion-national-park,Winter Cottonwoods,Utah,2016,digital35,horizontal,Virgin River,Zion National Park,Pigment Ink,20,Limited,,winter-cottonwoods-zion-national-park.jpg,winter-cottonwoods-zion-national-park.jpg,winter-cottonwoods-zion-national-park-home.jpg,winter-cottonwoods-zion-national-park-biz.jpg,2400,1720
,zion-national-park,11,cosmic-lichen-zion-national-park,Cosmic Lichen,Utah,2015,film45,horizontal,Wilderness,Zion National Park,Handmade Cibachrome,30,Limited,,cosmic-lichen-zion-national-park.jpg,cosmic-lichen-zion-national-park.jpg,cosmic-lichen-zion-national-park-home.jpg,cosmic-lichen-zion-national-park-biz.jpg,1272,1600
,zion-national-park,12,sunset-kinesava-zion,"Sunset, Kinesava",Utah,2011,film35,horizontal,Zion Canyon,Zion National Park,Pigment Ink,20,Limited,,sunset-kinesava-zion.jpg,sunset-kinesava-zion.jpg,sunset-kinesava-zion-home.jpg,sunset-kinesava-zion-biz.jpg,2400,1600