portfolio,order,slug,title,state,year,place,location,print-type,edition,edition-type,image,thumb,image-home,image-biz,height,width
zion-national-park-watercourse-way,2,along-the-river-zion-national-park,Along the River,Utah,2006,Zion National Park,Virgin River,Handmade Cibachrome,30,Limited,along-the-river-zion-national-park.jpg,along-the-river-zion-national-park.jpg,along-the-river-zion-national-park-home.jpg,along-the-river-zion-national-park-biz.jpg,1940,2400
the-american-west,10,ancient-bristlecone-pine-white-mountains,Ancient Bristlecone Pine,California,2006,White Mountains,Sheep Pass,Handmade Cibachrome,35,Limited,ancient-bristlecone-pine-white-mountains.jpg,ancient-bristlecone-pine-white-mountains.jpg,ancient-bristlecone-pine-white-mountains-home.jpg,ancient-bristlecone-pine-white-mountains-biz.jpg,2160,2712
zion-national-park-autumn,12,autumn-symphony-zion-national-park,Autumn Symphony,Utah,2005,Zion National Park,Wilderness,Handmade Cibachrome,35,Limited,autumn-symphony-zion-national-park.jpg,autumn-symphony-zion-national-park.jpg,autumn-symphony-zion-national-park-home.jpg,autumn-symphony-zion-national-park-biz.jpg,2160,1726
zion-national-park-autumn-ii,8,bare-trees-and-foliage-zion-national-park,Bare Trees and Foliage,Utah,2016,Zion National Park,Temple of Sinawava,Handmade Cibachrome,30,Limited,bare-trees-and-foliage-zion-national-park.jpg,bare-trees-and-foliage-zion-national-park.jpg,bare-trees-and-foliage-zion-national-park-home.jpg,bare-trees-and-foliage-zion-national-park-biz.jpg,1920,2400
zion-national-park-autumn,10,blushing-brides-zion-national-park,Blushing Brides,Utah,2005,Zion National Park,Zion Canyon,Handmade Cibachrome,30,Limited,blushing-brides-zion-national-park.jpg,blushing-brides-zion-national-park.jpg,blushing-brides-zion-national-park-home.jpg,blushing-brides-zion-national-park-biz.jpg,1600,1280
zion-national-park,4,canyon-light-zion-national-park,Canyon Light,Utah,2014,Zion National Park,Echo Canyon,Handmade Cibachrome,30,Limited,canyon-light-zion-national-park.jpg,canyon-light-zion-national-park.jpg,canyon-light-zion-national-park-home.jpg,canyon-light-zion-national-park-biz.jpg,1820,2400
zion-national-park,15,cliff-and-pines-zion-national-park,Cliff & Pines,Utah,2000,Zion National Park,Echo Canyon,Handmade Cibachrome,30,Limited,cliff-and-pines-zion-national-park.jpg,cliff-and-pines-zion-national-park.jpg,cliff-and-pines-zion-national-park-home.jpg,cliff-and-pines-zion-national-park-biz.jpg,2160,1736
zion-national-park,11,cosmic-lichen-zion-national-park,Cosmic Lichen,Utah,2015,Zion National Park,Wilderness,Handmade Cibachrome,30,Limited,cosmic-lichen-zion-national-park.jpg,cosmic-lichen-zion-national-park.jpg,cosmic-lichen-zion-national-park-home.jpg,cosmic-lichen-zion-national-park-biz.jpg,1600,1272
zion-national-park-ancient-sands,10,echoes-of-time-zion-national-park,Echoes of Time,Utah,2000,Zion National Park,Echo Canyon,Handmade Cibachrome,30,Limited,echoes-of-time-zion-national-park.jpg,echoes-of-time-zion-national-park.jpg,echoes-of-time-zion-national-park-home.jpg,echoes-of-time-zion-national-park-biz.jpg,2160,2680
zion-national-park-ancient-sands,5,eight-stones-zion-national-park,Eight Stones,Utah,2015,Zion National Park,Wilderness,Handmade Cibachrome,30,Limited,eight-stones-zion-national-park.jpg,eight-stones-zion-national-park.jpg,eight-stones-zion-national-park-home.jpg,eight-stones-zion-national-park-biz.jpg,1600,1280
zion-national-park-autumn-ii,5,fertile-ground-zion-national-park,Fertile Ground,Utah,2018,Zion National Park,Main Canyon,Handmade Cibachrome,30,Limited,fertile-ground-zion-national-park.jpg,fertile-ground-zion-national-park.jpg,fertile-ground-zion-national-park-home.jpg,fertile-ground-zion-national-park-biz.jpg,1600,1280
zion-national-park-ancient-sands,12,five-stones-zion-national-park,Five Stones,Utah,2013,Zion National Park,Center of the Universe,Handmade Cibachrome,30,Limited,five-stones-zion-national-park.jpg,five-stones-zion-national-park.jpg,five-stones-zion-national-park-home.jpg,five-stones-zion-national-park-biz.jpg,2160,1720
the-american-west-ii,11,four-aspens-crested-butte,"Four Aspens, Twilight",Colorado,2020,Crested Butte,Kebler Pass,Handmade Cibachrome,30,Limited,four-aspens-crested-butte.jpg,four-aspens-crested-butte.jpg,four-aspens-crested-butte-home.jpg,four-aspens-crested-butte-biz.jpg,1600,1280
zion-national-park-autumn,8,generations-zion-national-park,Generations,Utah,2019,Zion National Park,Upper East Side,Handmade Cibachrome,30,Limited,generations-zion-national-park.jpg,generations-zion-national-park.jpg,generations-zion-national-park-home.jpg,generations-zion-national-park-biz.jpg,1600,1280
the-american-west,6,granite-gone-wild-merced-canyon,Granite Gone Wild,California,2012,Mariposa County,Merced Canyon,Handmade Cibachrome,30,Limited,granite-gone-wild-merced-canyon.jpg,granite-gone-wild-merced-canyon.jpg,granite-gone-wild-merced-canyon-home.jpg,granite-gone-wild-merced-canyon-biz.jpg,1920,2400
zion-national-park,3,in-the-shadow-of-stone-zion-national-park,In the Shadow of Stone,Utah,2013,Zion National Park,Above Clear Creek,Handmade Cibachrome,30,Limited,in-the-shadow-of-stone-zion-national-park.jpg,in-the-shadow-of-stone-zion-national-park.jpg,in-the-shadow-of-stone-zion-national-park-home.jpg,in-the-shadow-of-stone-zion-national-park-biz.jpg,1600,1280
zion-national-park-autumn,7,last-leaves-zion-national-park,Last Leaves,Utah,2013,Kolob Canyons,Taylor Creek,Handmade Cibachrome,30,Limited,last-leaves-zion-national-park.jpg,last-leaves-zion-national-park.jpg,last-leaves-zion-national-park-home.jpg,last-leaves-zion-national-park-biz.jpg,1600,1280
zion-national-park,1,leaf-and-sand-zion-national-park,Leaf and Sand,Utah,2015,Zion National Park,Clear Creek,Handmade Cibachrome,30,Limited,leaf-and-sand-zion-national-park.jpg,leaf-and-sand-zion-national-park.jpg,leaf-and-sand-zion-national-park-home.jpg,leaf-and-sand-zion-national-park-biz.jpg,1920,2400
zion-national-park-autumn,4,leaf-and-yucca-zion-national-park,Leaf and Yucca,Utah,2016,Zion National Park,Kolob Canyons,Handmade Cibachrome,30,Limited,leaf-and-yucca-zion-national-park.jpg,leaf-and-yucca-zion-national-park.jpg,leaf-and-yucca-zion-national-park-home.jpg,leaf-and-yucca-zion-national-park-biz.jpg,1600,1280
zion-national-park-autumn-ii,15,leaf-chute-zion-national-park,Leaf Chute,Utah,2013,Zion National Park,Clear Creek,Handmade Cibachrome,30,Limited,leaf-chute-zion-national-park.jpg,leaf-chute-zion-national-park.jpg,leaf-chute-zion-national-park-home.jpg,leaf-chute-zion-national-park-biz.jpg,2160,1747
zion-national-park-autumn-ii,4,leaves-pretending-to-be-water-zion-national-park,Leaves Pretending to be Water,Utah,2012,Zion National Park,Echo Canyon,Handmade Cibachrome,20,Limited,leaves-pretending-to-be-water-zion-national-park.jpg,leaves-pretending-to-be-water-zion-national-park.jpg,leaves-pretending-to-be-water-zion-national-park-home.jpg,leaves-pretending-to-be-water-zion-national-park-biz.jpg,1600,1280
zion-national-park-autumn,9,leaves-reflecting-sky-zion-national-park,Leaves Reflecting Sky,Utah,2017,Zion National Park,Upper East Side,Handmade Cibachrome,30,Limited,leaves-reflecting-sky-zion-national-park.jpg,leaves-reflecting-sky-zion-national-park.jpg,leaves-reflecting-sky-zion-national-park-home.jpg,leaves-reflecting-sky-zion-national-park-biz.jpg,1600,1280
zion-national-park-autumn,15,leaves-relaxing-in-stream-zion-national-park,Leaves Relaxing in Stream,Utah,2005,Zion National Park,East Side Canyon,Handmade Cibachrome,30,Limited,leaves-relaxing-in-stream-zion-national-park.jpg,leaves-relaxing-in-stream-zion-national-park.jpg,leaves-relaxing-in-stream-zion-national-park-home.jpg,leaves-relaxing-in-stream-zion-national-park-biz.jpg,2160,2786
zion-national-park-autumn-ii,18,leaves-water-stone-zion-national-park,"Leaves, Water, Stone",Utah,2007,Zion National Park,Pine Creek,Handmade Cibachrome,30,Limited,leaves-water-stone-zion-national-park.jpg,leaves-water-stone-zion-national-park.jpg,leaves-water-stone-zion-national-park-home.jpg,leaves-water-stone-zion-national-park-biz.jpg,2160,1719
zion-national-park-autumn,16,luminaries-zion-national-park,Luminaries,Utah,2014,Zion National Park,Zion Canyon,Handmade Cibachrome,30,Limited,luminaries-zion-national-park.jpg,luminaries-zion-national-park.jpg,luminaries-zion-national-park-home.jpg,luminaries-zion-national-park-biz.jpg,2160,1696
zion-national-park-autumn-ii,2,luminous-pine-zion-national-park,Luminous Pine,Utah,2018,Zion National Park,East Side Canyon,Handmade Cibachrome,30,Limited,luminous-pine-zion-national-park.jpg,luminous-pine-zion-national-park.jpg,luminous-pine-zion-national-park-home.jpg,luminous-pine-zion-national-park-biz.jpg,1600,1280
zion-national-park-autumn,1,maple-canopy-zion-national-park,Maple Canopy,Utah,2020,Zion National Park,Clear Creek,Handmade Cibachrome,30,Limited,maple-canopy-zion-national-park.jpg,maple-canopy-zion-national-park.jpg,maple-canopy-zion-national-park-home.jpg,maple-canopy-zion-national-park-biz.jpg,1600,1280
zion-national-park-autumn-ii,6,maples-in-rain-zion-national-park,Maples in Rain,Utah,2016,Zion National Park,Main Canyon,Handmade Cibachrome,30,Limited,maples-in-rain-zion-national-park.jpg,maples-in-rain-zion-national-park.jpg,maples-in-rain-zion-national-park-home.jpg,maples-in-rain-zion-national-park-biz.jpg,1600,1280
zion-national-park-autumn-ii,11,morning-maples-zion-national-park,Morning Maples,Utah,2019,Zion National Park,Zion Canyon,Handmade Cibachrome,20,Limited,morning-maples-zion-national-park.jpg,morning-maples-zion-national-park.jpg,morning-maples-zion-national-park-home.jpg,morning-maples-zion-national-park-biz.jpg,1600,1280
zion-national-park,7,old-friends-zion-national-park,Old Friends,Utah,2016,Zion National Park,Upper East Side,Handmade Cibachrome,30,Limited,old-friends-zion-national-park.jpg,old-friends-zion-national-park.jpg,old-friends-zion-national-park-home.jpg,old-friends-zion-national-park-biz.jpg,1820,2400
zion-national-park-autumn,18,old-trunk-and-maples-zion-national-park,Old Trunk and Maples,Utah,2013,Zion National Park,East Side,Handmade Cibachrome,30,Limited,old-trunk-and-maples-zion-national-park.jpg,old-trunk-and-maples-zion-national-park.jpg,old-trunk-and-maples-zion-national-park-home.jpg,old-trunk-and-maples-zion-national-park-biz.jpg,2160,1723
zion-national-park-autumn,3,pine-and-maples-zion-national-park,Pine and Maples,Utah,2017,Zion National Park,East Side Canyon,Handmade Cibachrome,30,Limited,pine-and-maples-zion-national-park.jpg,pine-and-maples-zion-national-park.jpg,pine-and-maples-zion-national-park-home.jpg,pine-and-maples-zion-national-park-biz.jpg,1600,1280
zion-national-park-ancient-sands,1,pink-tapestry-zion-national-park,Pink Tapestry,Utah,2015,Zion National Park,Center of the Universe,Handmade Cibachrome,30,Limited,pink-tapestry-zion-national-park.jpg,pink-tapestry-zion-national-park.jpg,pink-tapestry-zion-national-park-home.jpg,pink-tapestry-zion-national-park-biz.jpg,1600,1280
zion-national-park-autumn,5,radiant-trees-at-dusk-zion-national-park,Radiant Trees at Dusk,Utah,2012,Zion National Park,Kolob Canyons,Handmade Cibachrome,30,Limited,radiant-trees-at-dusk-zion-national-park.jpg,radiant-trees-at-dusk-zion-national-park.jpg,radiant-trees-at-dusk-zion-national-park-home.jpg,radiant-trees-at-dusk-zion-national-park-biz.jpg,1920,2400
zion-national-park-watercourse-way,3,reflections-14-zion-national-park,Reflections #14,Utah,2012,Zion National Park,Virgin River,Handmade Cibachrome,30,Limited,reflections-14-zion-national-park.jpg,reflections-14-zion-national-park.jpg,reflections-14-zion-national-park-home.jpg,reflections-14-zion-national-park-biz.jpg,1920,2400
zion-national-park-watercourse-way,4,reflections-03-zion-national-park,Reflections #3,Utah,2012,Zion National Park,Virgin River,Handmade Cibachrome,30,Limited,reflections-03-zion-national-park.jpg,reflections-03-zion-national-park.jpg,reflections-03-zion-national-park-home.jpg,reflections-03-zion-national-park-biz.jpg,1448,2400
zion-national-park,9,remnants-zion-national-park,Remnants,Utah,2014,Zion Canyon,Virgin River,Handmade Cibachrome,30,Limited,remnants-zion-national-park.jpg,remnants-zion-national-park.jpg,remnants-zion-national-park-home.jpg,remnants-zion-national-park-biz.jpg,1600,1272
zion-national-park-autumn-ii,10,root-chaos-zion-national-park,Root Chaos,Utah,2011,Zion National Park,Upper East Side,Handmade Cibachrome,20,Limited,root-chaos-zion-national-park.jpg,root-chaos-zion-national-park.jpg,root-chaos-zion-national-park-home.jpg,root-chaos-zion-national-park-biz.jpg,1600,1280
the-american-west,17,sandstone-tapestry-zion-national-park,Sandstone Tapestry,Utah,2012,Zion National Park,Upper Pine Creek,Handmade Cibachrome,30,Limited,sandstone-tapestry-zion-national-park.jpg,sandstone-tapestry-zion-national-park.jpg,sandstone-tapestry-zion-national-park-home.jpg,sandstone-tapestry-zion-national-park-biz.jpg,2160,1717
zion-national-park-autumn-ii,9,solemnity-zion-national-park,Solemnity,Utah,2019,Zion National Park,Temple of Sinawava,Handmade Cibachrome,30,Limited,solemnity-zion-national-park.jpg,solemnity-zion-national-park.jpg,solemnity-zion-national-park-home.jpg,solemnity-zion-national-park-biz.jpg,1613,2400
zion-national-park-ancient-sands,6,swirls-zion-national-park,Swirls,Utah,2014,Zion National Park,Wilderness,Handmade Cibachrome,30,Limited,swirls-zion-national-park.jpg,swirls-zion-national-park.jpg,swirls-zion-national-park-home.jpg,swirls-zion-national-park-biz.jpg,1600,1280
zion-national-park-ancient-sands,3,the-cosmic-wall-zion-national-park,The Cosmic Wall,Utah,2017,Zion National Park,Clear Creek,Handmade Cibachrome,30,Limited,the-cosmic-wall-zion-national-park.jpg,the-cosmic-wall-zion-national-park.jpg,the-cosmic-wall-zion-national-park-home.jpg,the-cosmic-wall-zion-national-park-biz.jpg,1920,2400
zion-national-park,2,the-way-of-wood-zion-national-park,The Topography of Wood,Utah,2015,Zion National Park,Clear Creek,Handmade Cibachrome,20,Limited,the-way-of-wood-zion-national-park.jpg,the-way-of-wood-zion-national-park.jpg,the-way-of-wood-zion-national-park-home.jpg,the-way-of-wood-zion-national-park-biz.jpg,1901,2400
zion-national-park-autumn,6,transitions-zion-national-park,Transitions,Utah,2009,Zion National Park,Pine Creek,Handmade Cibachrome,30,Limited,transitions-zion-national-park.jpg,transitions-zion-national-park.jpg,transitions-zion-national-park-home.jpg,transitions-zion-national-park-biz.jpg,1600,1280
zion-national-park-autumn-ii,7,tree-of-life-ii-zion-national-park,Tree of Life II,Utah,2016,Kolob Canyons,Taylor Creek South,Handmade Cibachrome,30,Limited,tree-of-life-ii-zion-national-park.jpg,tree-of-life-ii-zion-national-park.jpg,tree-of-life-ii-zion-national-park-home.jpg,tree-of-life-ii-zion-national-park-biz.jpg,1920,2400
zion-national-park-autumn-ii,3,trees-of-life-i-zion-national-park,Trees of Life I,Utah,2013,Zion National Park,East Side Canyon,Handmade Cibachrome,30,Limited,trees-of-life-i-zion-national-park.jpg,trees-of-life-i-zion-national-park.jpg,trees-of-life-i-zion-national-park-home.jpg,trees-of-life-i-zion-national-park-biz.jpg,1600,1280
zion-national-park-autumn-ii,1,twilight-maples-zion-national-park,Twilight Maples,Utah,2014,Zion National Park,Clear Creek,Handmade Cibachrome,30,Limited,twilight-maples-zion-national-park.jpg,twilight-maples-zion-national-park.jpg,twilight-maples-zion-national-park-home.jpg,twilight-maples-zion-national-park-biz.jpg,1920,2400
zion-national-park-watercourse-way,5,velvet-reflections-zion-national-park,Velvet Reflections,Utah,2006,Zion National Park,Virgin River,Handmade Cibachrome,30,Limited,velvet-reflections-zion-national-park.jpg,velvet-reflections-zion-national-park.jpg,velvet-reflections-zion-national-park-home.jpg,velvet-reflections-zion-national-park-biz.jpg,1920,2400
zion-national-park-autumn,20,yellow-and-crimson-maples-zion-national-park,Yellow and Crimson Maples,Utah,2012,Zion National Park,Zion Canyon,Handmade Cibachrome,30,Limited,yellow-and-crimson-maples-zion-national-park.jpg,yellow-and-crimson-maples-zion-national-park.jpg,yellow-and-crimson-maples-zion-national-park-home.jpg,yellow-and-crimson-maples-zion-national-park-biz.jpg,2160,2706
zion-national-park-autumn-ii,20,yellow-and-pink-maples-zion-national-park,Yellow and Pink Maples,Utah,2014,Zion National Park,Zion Canyon,Handmade Cibachrome,30,Limited,yellow-and-pink-maples-zion-national-park.jpg,yellow-and-pink-maples-zion-national-park.jpg,yellow-and-pink-maples-zion-national-park-home.jpg,yellow-and-pink-maples-zion-national-park-biz.jpg,2160,1710
zion-national-park,13,a-good-resting-place-zion-national-park,A Good Resting Place,Utah,2000,Zion National Park,Wilderness,Pigment Ink,25,Limited,a-good-resting-place-zion-national-park.jpg,a-good-resting-place-zion-national-park.jpg,a-good-resting-place-zion-national-park-home.jpg,a-good-resting-place-zion-national-park-biz.jpg,2160,1741
zion-national-park-watercourse-way,6,a-moment-in-time-zion-national-park,A Moment in Time,Utah,1997,Zion National Park,Pine Creek,Pigment Ink,25,Limited,a-moment-in-time-zion-national-park.jpg,a-moment-in-time-zion-national-park.jpg,a-moment-in-time-zion-national-park-home.jpg,a-moment-in-time-zion-national-park-biz.jpg,1600,1144
icons-of-agriculture,10,abandoned-granary-ione,Abandoned,Oregon,2014,Morrow County,Ione,Pigment Ink,25,Limited,abandoned-granary-ione.jpg,abandoned-granary-ione.jpg,abandoned-granary-ione-home.jpg,abandoned-granary-ione-biz.jpg,1600,1100
icons-of-agriculture-ii,3,air-pipes-chandon,Air Pipes,Oregon,2018,Gilliam County,Condon,Pigment Ink,25,Limited,air-pipes-chandon.jpg,air-pipes-chandon.jpg,air-pipes-chandon-home.jpg,air-pipes-chandon-biz.jpg,1820,2400
zion-national-park-autumn-ii,12,artist-palette-zion-national-park,Artist Palette,Utah,2014,Zion National Park,Zion Canyon,Pigment Ink,25,Limited,artist-palette-zion-national-park.jpg,artist-palette-zion-national-park.jpg,artist-palette-zion-national-park-home.jpg,artist-palette-zion-national-park-biz.jpg,2160,2728
the-american-west,4,aspen-canopy-crested-butte,Aspen Canopy at Dusk,Colorado,2020,Crested Butte,Kebler Pass,Pigment Ink,25,Limited,aspen-canopy-crested-butte.jpg,aspen-canopy-crested-butte.jpg,aspen-canopy-crested-butte-home.jpg,aspen-canopy-crested-butte-biz.jpg,1820,2400
the-american-west-ii,7,aspen-reflections-sierra-nevada,Aspen Reflections,California,2012,Sierra Nevada,Green Creek,Pigment Ink,25,Limited,aspen-reflections-sierra-nevada.jpg,aspen-reflections-sierra-nevada.jpg,aspen-reflections-sierra-nevada-home.jpg,aspen-reflections-sierra-nevada-biz.jpg,1940,2400
zion-national-park,14,aspiring-pine-zion-national-park,Aspiring Pine,Utah,2015,Zion National Park,Kolob Canyons,Pigment Ink,25,Limited,aspiring-pine-zion-national-park.jpg,aspiring-pine-zion-national-park.jpg,aspiring-pine-zion-national-park-home.jpg,aspiring-pine-zion-national-park-biz.jpg,,
the-american-west,11,bristlecone-pine-detail-white-mountains,Bristlecone Pine Detail,California,2011,Wilderness,White Mountains,Pigment Ink,25,Limited,bristlecone-pine-detail-white-mountains.jpg,bristlecone-pine-detail-white-mountains.jpg,bristlecone-pine-detail-white-mountains-home.jpg,bristlecone-pine-detail-white-mountains-biz.jpg,2160,1447
the-american-west-ii,14,cape-royal-grand-canyon,Cape Royal,Arizona,1999,Cape Royal,Grand Canyon,Pigment Ink,25,Limited,cape-royal-grand-canyon.jpg,cape-royal-grand-canyon.jpg,cape-royal-grand-canyon-home.jpg,cape-royal-grand-canyon-biz.jpg,2160,2746
the-american-west,12,cascade-creek-yosemite,Cascade Creek,California,2010,Cascade Creek,Yosemite National Park,Pigment Ink,25,Limited,cascade-creek-yosemite.jpg,cascade-creek-yosemite.jpg,cascade-creek-yosemite-home.jpg,cascade-creek-yosemite-biz.jpg,2160,2746
zion-national-park-autumn-ii,13,cascades-in-yellow-zion-national-park,Cascades in Yellow,Utah,2012,Zion National Park,Kolob Canyons,Pigment Ink,25,Limited,cascades-in-yellow-zion-national-park.jpg,cascades-in-yellow-zion-national-park.jpg,cascades-in-yellow-zion-national-park-home.jpg,cascades-in-yellow-zion-national-park-biz.jpg,2160,1750
icons-of-agriculture-iv,2,granary-wall-detail-chandon,Cement Silos,Oregon,2015,Gilliam County,Condon,Pigment Ink,25,Limited,granary-wall-detail-chandon.jpg,granary-wall-detail-chandon.jpg,granary-wall-detail-chandon-home.jpg,granary-wall-detail-chandon-biz.jpg,1600,1200
icons-of-agriculture-iii,5,chutes-davenport,Chutes and Ladders,Washington,2020,Lincoln County,Davenport,Pigment Ink,25,Limited,chutes-davenport.jpg,chutes-davenport.jpg,chutes-davenport-home.jpg,chutes-davenport-biz.jpg,1600,1200
icons-of-agriculture-ii,8,chutes-and-pulleys-harrington,Chutes and Pulleys,Washington,2020,Lincoln County,Harrington,Pigment Ink,25,Limited,chutes-and-pulleys-harrington.jpg,chutes-and-pulleys-harrington.jpg,chutes-and-pulleys-harrington-home.jpg,chutes-and-pulleys-harrington-biz.jpg,1600,1200
the-american-west,13,cityscape-monument-valley,Cityscape,Arizona,1996,Monument Valley,Monument Valley,Pigment Ink,25,Limited,cityscape-monument-valley.jpg,cityscape-monument-valley.jpg,cityscape-monument-valley-home.jpg,cityscape-monument-valley-biz.jpg,,
cloud-light,7,clearing-storm-red-hawk-vineyard,Clearing Storm,California,2010,Pope Valley,Red Hawk Vineyard,Pigment Ink,25,Limited,clearing-storm-red-hawk-vineyard.jpg,clearing-storm-red-hawk-vineyard.jpg,clearing-storm-red-hawk-vineyard-home.jpg,clearing-storm-red-hawk-vineyard-biz.jpg,1600,1600
icons-of-agriculture,13,clearing-storm-the-palouse,Clearing Storm,Washington,2018,The Palouse,Lion's Ferry Road,Pigment Ink,25,Limited,clearing-storm-the-palouse.jpg,clearing-storm-the-palouse.jpg,clearing-storm-the-palouse-home.jpg,clearing-storm-the-palouse-biz.jpg,1820,2400
the-american-west-ii,1,clearing-storm-steens-junction,Clearing Storm,Oregon,2013,Steens Mountain Wilderness,A Dirt Road,Pigment Ink,25,Limited,clearing-storm-steens-junction.jpg,clearing-storm-steens-junction.jpg,clearing-storm-steens-junction-home.jpg,clearing-storm-steens-junction-biz.jpg,1600,2400
zion-national-park-autumn-ii,14,cliff-and-maples-zion-national-park,Cliff & Maples,Utah,2000,Zion National Park,Tunnel View,Pigment Ink,25,Limited,cliff-and-maples-zion-national-park.jpg,cliff-and-maples-zion-national-park.jpg,cliff-and-maples-zion-national-park-home.jpg,cliff-and-maples-zion-national-park-biz.jpg,2160,1661
cloud-light,9,cloud-maze-salinas-valley,Cloud Maze,California,2010,Salinas Valley,Soledad,Pigment Ink,25,Limited,cloud-maze-salinas-valley.jpg,cloud-maze-salinas-valley.jpg,cloud-maze-salinas-valley-home.jpg,cloud-maze-salinas-valley-biz.jpg,1600,1600
the-american-west-ii,2,colorado-river-horseshoe-bend,Colorado River,Arizona,2012,Page,Big Bend,Pigment Ink,25,Limited,colorado-river-horseshoe-bend.jpg,colorado-river-horseshoe-bend.jpg,colorado-river-horseshoe-bend-home.jpg,colorado-river-horseshoe-bend-biz.jpg,1600,2400
the-american-west-ii,15,colorado-river-navajo-bridge,Colorado River,Arizona,2010,Vermillion Cliffs,Navajo Bridge,Pigment Ink,25,Limited,colorado-river-navajo-bridge.jpg,colorado-river-navajo-bridge.jpg,colorado-river-navajo-bridge-home.jpg,colorado-river-navajo-bridge-biz.jpg,2160,1439
icons-of-agriculture,5,conveyance-delevan,Conveyance,California,2017,Sacramento Valley,Delevan,Pigment Ink,25,Limited,conveyance-delevan.jpg,conveyance-delevan.jpg,conveyance-delevan-home.jpg,conveyance-delevan-biz.jpg,1720,2400
the-american-west,14,cottonwood-creek-aspens-white-mountains,Cottonwood Creek Aspens,California,2008,,White Mountains,Pigment Ink,25,Limited,cottonwood-creek-aspens-white-mountains.jpg,cottonwood-creek-aspens-white-mountains.jpg,cottonwood-creek-aspens-white-mountains-home.jpg,cottonwood-creek-aspens-white-mountains-biz.jpg,2160,2729
zion-national-park-autumn,13,crimson-tide-zion-national-park,Crimson Tide,Utah,2010,Zion National Park,Zion Canyon,Pigment Ink,25,Limited,crimson-tide-zion-national-park.jpg,crimson-tide-zion-national-park.jpg,crimson-tide-zion-national-park-home.jpg,crimson-tide-zion-national-park-biz.jpg,2160,2647
zion-national-park-ancient-sands,7,cross-bedding-zion-national-park,Cross Bedding,Utah,2015,Zion National Park,East Side,Pigment Ink,25,Limited,cross-bedding-zion-national-park.jpg,cross-bedding-zion-national-park.jpg,cross-bedding-zion-national-park-home.jpg,cross-bedding-zion-national-park-biz.jpg,2160,2816
zion-national-park-ancient-sands,8,cross-bedding-02-zion-national-park,Cross Bedding #2,Utah,2014,Zion National Park,East Side Canyon,Pigment Ink,25,Limited,cross-bedding-02-zion-national-park.jpg,cross-bedding-02-zion-national-park.jpg,cross-bedding-02-zion-national-park-home.jpg,cross-bedding-02-zion-national-park-biz.jpg,2160,2759
zion-national-park-ancient-sands,9,curling-sands-zion-national-park,Curling Sands,Utah,2014,Zion National Park,Clear Creek,Pigment Ink,25,Limited,curling-sands-zion-national-park.jpg,curling-sands-zion-national-park.jpg,curling-sands-zion-national-park-home.jpg,curling-sands-zion-national-park-biz.jpg,2160,2680
icons-of-agriculture-ii,1,details-cheyenne,Details,Colorado,2021,Cheyenne County,Cheyenne Wells,Pigment Ink,25,Limited,details-cheyenne.jpg,details-cheyenne.jpg,details-cheyenne-home.jpg,details-cheyenne-biz.jpg,1600,1200
cloud-light,10,dream-clouds-zion-national-park,Dream Clouds,Utah,2014,Colorado Plateau,Wilderness,Pigment Ink,25,Limited,dream-clouds-zion-national-park.jpg,dream-clouds-zion-national-park.jpg,dream-clouds-zion-national-park-home.jpg,dream-clouds-zion-national-park-biz.jpg,1600,1600
cloud-light,3,dream-clouds-ii-zion-national-park,Dream Clouds II,Utah,2014,Zion National Park,East Side,Pigment Ink,25,Limited,dream-clouds-ii-zion-national-park.jpg,dream-clouds-ii-zion-national-park.jpg,dream-clouds-ii-zion-national-park-home.jpg,dream-clouds-ii-zion-national-park-biz.jpg,1600,1600
icons-of-agriculture-iii,3,filtration-colby,"Dryer, Large Granary",Kansas,2021,Colby,Cornerstone AG,Pigment Ink,25,Limited,filtration-colby.jpg,filtration-colby.jpg,filtration-colby-home.jpg,filtration-colby-biz.jpg,1820,2400
the-american-west-ii,9,dusk-painted-hills,"Dusk, Painted Hills",Oregon,2012,Mitchell,John Day Fossil Beds,Pigment Ink,25,Limited,dusk-painted-hills.jpg,dusk-painted-hills.jpg,dusk-painted-hills-home.jpg,dusk-painted-hills-biz.jpg,1600,2400
icons-of-agriculture,4,electric-cortena,Electric,California,2014,Sacramento Valley,Cortena,Pigment Ink,25,Limited,electric-cortena.jpg,electric-cortena.jpg,electric-cortena-home.jpg,electric-cortena-biz.jpg,1620,2400
icons-of-agriculture,17,emergency-use-only-ritzville,Emergency Use Only,Oregon,2020,Adams County,Ritzville,Pigment Ink,25,Limited,emergency-use-only-ritzville.jpg,emergency-use-only-ritzville.jpg,emergency-use-only-ritzville-home.jpg,emergency-use-only-ritzville-biz.jpg,1600,1200
icons-of-agriculture-iv,13,granary-washtucna,Emptiness,Washington,2015,The Palouse,Washtucna,Pigment Ink,25,Limited,granary-washtucna.jpg,granary-washtucna.jpg,granary-washtucna-home.jpg,granary-washtucna-biz.jpg,1600,1173
cloud-light,1,ending-storm-steens-wilderness,Ending Storm,Oregon,2013,Steen's Junction,Along a Dirt Road,Pigment Ink,25,Limited,ending-storm-steens-wilderness.jpg,ending-storm-steens-wilderness.jpg,ending-storm-steens-wilderness-home.jpg,ending-storm-steens-wilderness-biz.jpg,1600,1600
zion-national-park-ancient-sands,11,etchings-zion-national-park,Etchings,Utah,2014,Zion National Park,Tunnel View,Pigment Ink,25,Limited,etchings-zion-national-park.jpg,etchings-zion-national-park.jpg,etchings-zion-national-park-home.jpg,etchings-zion-national-park-biz.jpg,2160,1605
the-american-west-ii,21,evening-light-bryce-canyon,Evening Light,Utah,1997,Bryce Canyon,Markagunt Plateau,Pigment Ink,25,Limited,evening-light-bryce-canyon.jpg,evening-light-bryce-canyon.jpg,evening-light-bryce-canyon-home.jpg,evening-light-bryce-canyon-biz.jpg,1882,2880
icons-of-agriculture-iii,10,support-straps-la-crosse,Exposed,Washington,2018,The Palouse,La Crosse,Pigment Ink,25,Limited,support-straps-la-crosse.jpg,support-straps-la-crosse.jpg,support-straps-la-crosse-home.jpg,support-straps-la-crosse-biz.jpg,1600,1200
the-american-west,5,ferns-and-aspens-crested-butte,Ferns and Aspens,Colorado,2020,Crested Butte,Kebler Pass,Pigment Ink,25,Limited,ferns-and-aspens-crested-butte.jpg,ferns-and-aspens-crested-butte.jpg,ferns-and-aspens-crested-butte-home.jpg,ferns-and-aspens-crested-butte-biz.jpg,1600,1280
cloud-light,8,fiery-skies-cortena,Fiery Skies,California,2016,Cortena,Roadside,Pigment Ink,25,Limited,fiery-skies-cortena.jpg,fiery-skies-cortena.jpg,fiery-skies-cortena-home.jpg,fiery-skies-cortena-biz.jpg,1600,1600
zion-national-park-ancient-sands,4,fire-rock-zion-national-park,Fire Rock,Utah,2014,Kolob Canyons,Middle Taylor Creek,Pigment Ink,25,Limited,fire-rock-zion-national-park.jpg,fire-rock-zion-national-park.jpg,fire-rock-zion-national-park-home.jpg,fire-rock-zion-national-park-biz.jpg,1600,1280
icons-of-agriculture-ii,14,forms-walters,Forms,Washington,2022,Garfield,Walters Road,Pigment Ink,25,Limited,forms-walters.jpg,forms-walters.jpg,forms-walters-home.jpg,forms-walters-biz.jpg,1820,2400
icons-of-agriculture-ii,2,weathered-door-salinas,Fractures,California,2011,Salinas Valley,Chualar,Pigment Ink,25,Limited,weathered-door-salinas.jpg,weathered-door-salinas.jpg,weathered-door-salinas-home.jpg,weathered-door-salinas-biz.jpg,1600,1100
icons-of-agriculture-iii,1,gas-tank-artois,Gas Tank,California,2015,Sacramento Valley,Artois,Pigment Ink,25,Limited,gas-tank-artois.jpg,gas-tank-artois.jpg,gas-tank-artois-home.jpg,gas-tank-artois-biz.jpg,1600,1100
zion-national-park,5,glowing-grasses-zion-national-park,Glowing Grasses,Utah,2018,Zion National Park,Lower Pine Creek,Pigment Ink,25,Limited,glowing-grasses-zion-national-park.jpg,glowing-grasses-zion-national-park.jpg,glowing-grasses-zion-national-park-home.jpg,glowing-grasses-zion-national-park-biz.jpg,1820,2400
zion-national-park-ancient-sands,13,glowing-sandstone-zion-national-park,Glowing Sandstone,Utah,2014,Zion National Park,Clear Creek,Pigment Ink,25,Limited,glowing-sandstone-zion-national-park.jpg,glowing-sandstone-zion-national-park.jpg,glowing-sandstone-zion-national-park-home.jpg,glowing-sandstone-zion-national-park-biz.jpg,2160,3005
icons-of-agriculture-iii,11,glowing-silos-lions-ferry-road,Glowing Silos,Washington,2018,The Palouse,Lions Ferry Road,Pigment Ink,25,Limited,glowing-silos-lions-ferry-road.jpg,glowing-silos-lions-ferry-road.jpg,glowing-silos-lions-ferry-road-home.jpg,glowing-silos-lions-ferry-road-biz.jpg,1820,2400
icons-of-agriculture-iv,16,glowing-silos-willows,Glowing Silos,California,2014,Sacramento Valley,Willows,Pigment Ink,25,Limited,glowing-silos-willows.jpg,glowing-silos-willows.jpg,glowing-silos-willows-home.jpg,glowing-silos-willows-biz.jpg,1080,721
icons-of-agriculture-iii,15,glowing-silos-and-moon-willows,Glowing Silos and Moon,California,2016,Sacramento Valley,Willows,Pigment Ink,25,Limited,glowing-silos-and-moon-willows.jpg,glowing-silos-and-moon-willows.jpg,glowing-silos-and-moon-willows-home.jpg,glowing-silos-and-moon-willows-biz.jpg,1600,1100
icons-of-agriculture,6,elevator-detail-delevan,Glowing Stack,California,2013,Sacramento Valley,Delevan,Pigment Ink,25,Limited,elevator-detail-delevan.jpg,elevator-detail-delevan.jpg,elevator-detail-delevan-home.jpg,elevator-detail-delevan-biz.jpg,1600,1140
icons-of-agriculture,3,grain-dryer-colby,Grain Dryer,Kansas,2021,Colby,Cornerstone AG,Pigment Ink,25,Limited,grain-dryer-colby.jpg,grain-dryer-colby.jpg,grain-dryer-colby-home.jpg,grain-dryer-colby-biz.jpg,1600,1228
icons-of-agriculture-iii,16,grain-loader-willows,Grain Loader,California,2016,Sacramento Valley,Willows,Pigment Ink,25,Limited,grain-loader-willows.jpg,grain-loader-willows.jpg,grain-loader-willows-home.jpg,grain-loader-willows-biz.jpg,1600,2400
icons-of-agriculture,1,grain-truck-artois-california,Grain Truck,California,2016,Sacramento Valley,Artois,Pigment Ink,25,Limited,grain-truck-artois-california.jpg,grain-truck-artois-california.jpg,grain-truck-artois-california-home.jpg,grain-truck-artois-california-biz.jpg,1639,2400
icons-of-agriculture-ii,7,grain-truck-endicott,Grain Truck,Washington,2019,Whitman County,Endicott,Pigment Ink,25,Limited,grain-truck-endicott.jpg,grain-truck-endicott.jpg,grain-truck-endicott-home.jpg,grain-truck-endicott-biz.jpg,1820,2400
icons-of-agriculture,11,granary-and-field-in-rain-kellog-hollow,Granary and Field in Rain,Washington,2013,The Palouse,Kellog Hollow,Pigment Ink,25,Limited,granary-and-field-in-rain-kellog-hollow.jpg,granary-and-field-in-rain-kellog-hollow.jpg,granary-and-field-in-rain-kellog-hollow-home.jpg,granary-and-field-in-rain-kellog-hollow-biz.jpg,1600,2400
icons-of-agriculture-ii,15,granary-and-moon-walters,Granary and Moon,Washington,2022,Garfield,Walters Road,Pigment Ink,25,Limited,granary-and-moon-walters.jpg,granary-and-moon-walters.jpg,granary-and-moon-walters-home.jpg,granary-and-moon-walters-biz.jpg,1820,2400
icons-of-agriculture-iv,12,old-granary-walters,Granary and Moon,Washington,2022,Garfield,Walters Road,Pigment Ink,25,Limited,old-granary-walters.jpg,old-granary-walters.jpg,old-granary-walters-home.jpg,old-granary-walters-biz.jpg,1600,1280
icons-of-agriculture-iv,4,granary-detail-ione,Granary Detail,Oregon,2014,Morrow County,Ione,Pigment Ink,25,Limited,granary-detail-ione.jpg,granary-detail-ione.jpg,granary-detail-ione-home.jpg,granary-detail-ione-biz.jpg,1600,1140
icons-of-agriculture-iv,10,tbd,Granary Detail,California,2013,Sacramento Valley,Cortena,Pigment Ink,25,Limited,tbd.jpg,tbd.jpg,tbd-home.jpg,tbd-biz.jpg,,
icons-of-agriculture-iv,11,tbd,Granary Detail,Washington,2013,Palouse,Southeastern Washington,Pigment Ink,25,Limited,tbd.jpg,tbd.jpg,tbd-home.jpg,tbd-biz.jpg,,
icons-of-agriculture-iv,3,granary-detail-ii-cortena,Granary Detail II,California,2021,Sacramento Valley,Cortena,Pigment Ink,25,Limited,granary-detail-ii-cortena.jpg,granary-detail-ii-cortena.jpg,granary-detail-ii-cortena-home.jpg,granary-detail-ii-cortena-biz.jpg,1600,1280
icons-of-agriculture-iii,8,granary-endicott,Granary in Grey,Washington,2018,The Palouse,Endicott,Pigment Ink,25,Limited,granary-endicott.jpg,granary-endicott.jpg,granary-endicott-home.jpg,granary-endicott-biz.jpg,1820,2400
icons-of-agriculture,7,granary-detail-dufur,Granary Ladder,Washington,2019,Wasco County,Dufur,Pigment Ink,25,Limited,granary-detail-dufur.jpg,granary-detail-dufur.jpg,granary-detail-dufur-home.jpg,granary-detail-dufur-biz.jpg,1600,1200
the-american-west-ii,16,grass-and-willows-sierra-nevada,Grass & Willows,California,2008,Grass & Willows,Sierra Nevada,Pigment Ink,25,Limited,grass-and-willows-sierra-nevada.jpg,grass-and-willows-sierra-nevada.jpg,grass-and-willows-sierra-nevada-home.jpg,grass-and-willows-sierra-nevada-biz.jpg,,
the-american-west-ii,17,hillside-oak-and-flowers-monterey,Hillside Oak and Flowers,California,2011,,Monterey County,Pigment Ink,25,Limited,hillside-oak-and-flowers-monterey.jpg,hillside-oak-and-flowers-monterey.jpg,hillside-oak-and-flowers-monterey-home.jpg,hillside-oak-and-flowers-monterey-biz.jpg,2160,3206
icons-of-agriculture,9,holding-silos-horace,Holding Silos,Kansas,2021,Greeley County,Horace,Pigment Ink,25,Limited,holding-silos-horace.jpg,holding-silos-horace.jpg,holding-silos-horace-home.jpg,holding-silos-horace-biz.jpg,1600,1200
icons-of-agriculture,12,inside-view-kennedy-ford,Inside View,Idaho,2022,Potlatch,Kennedy Ford,Pigment Ink,25,Limited,inside-view-kennedy-ford.jpg,inside-view-kennedy-ford.jpg,inside-view-kennedy-ford-home.jpg,inside-view-kennedy-ford-biz.jpg,1600,1200
icons-of-agriculture-ii,11,granary-at-dusk-the-palouse,Last Light,Washington,2014,The Palouse,Lion's Ferry Road,Pigment Ink,25,Limited,granary-at-dusk-the-palouse.jpg,granary-at-dusk-the-palouse.jpg,granary-at-dusk-the-palouse-home.jpg,granary-at-dusk-the-palouse-biz.jpg,1720,2400
zion-national-park-ancient-sands,14,layered-stone-zion-national-park,Layered Stone,Utah,2015,Zion National Park,Water Pockets,Pigment Ink,25,Limited,layered-stone-zion-national-park.jpg,layered-stone-zion-national-park.jpg,layered-stone-zion-national-park-home.jpg,layered-stone-zion-national-park-biz.jpg,2160,1776
zion-national-park-autumn-ii,16,leaves-and-sky-zion-national-park,Leaves and Sky,Utah,2014,Zion National Park,Clear Creek,Pigment Ink,25,Limited,leaves-and-sky-zion-national-park.jpg,leaves-and-sky-zion-national-park.jpg,leaves-and-sky-zion-national-park-home.jpg,leaves-and-sky-zion-national-park-biz.jpg,2160,1722
zion-national-park-autumn,14,leaves-in-oily-water-zion-national-park,Leaves in Oily Water,Utah,2013,Zion National Park,East Side Canyon,Pigment Ink,25,Limited,leaves-in-oily-water-zion-national-park.jpg,leaves-in-oily-water-zion-national-park.jpg,leaves-in-oily-water-zion-national-park-home.jpg,leaves-in-oily-water-zion-national-park-biz.jpg,2160,1722
zion-national-park-autumn-ii,17,leaves-on-sandstone-zion-national-park,Leaves on Sandstone,Utah,2013,Zion National Park,Clear Creek,Pigment Ink,25,Limited,leaves-on-sandstone-zion-national-park.jpg,leaves-on-sandstone-zion-national-park.jpg,leaves-on-sandstone-zion-national-park-home.jpg,leaves-on-sandstone-zion-national-park-biz.jpg,2160,1616
the-american-west,2,lightning-china-hat-road-oregon,Lightning,Oregon,2014,Bend,China Hat Road,Pigment Ink,25,Limited,lightning-china-hat-road-oregon.jpg,lightning-china-hat-road-oregon.jpg,lightning-china-hat-road-oregon-home.jpg,lightning-china-hat-road-oregon-biz.jpg,1600,2400
the-american-west-ii,18,lightning-white-mountains,Lightning,California,2012,Wilderness,White Mountains,Pigment Ink,25,Limited,lightning-white-mountains.jpg,lightning-white-mountains.jpg,lightning-white-mountains-home.jpg,lightning-white-mountains-biz.jpg,2160,2979
zion-national-park,16,lone-pine-zion-national-park,Lone Pine,Utah,2014,Zion National Park,Echo Canyon,Pigment Ink,25,Limited,lone-pine-zion-national-park.jpg,lone-pine-zion-national-park.jpg,lone-pine-zion-national-park-home.jpg,lone-pine-zion-national-park-biz.jpg,2160,1710
icons-of-agriculture-ii,6,luminance-dufur,Luminance,Oregon,2018,Wasco County,Dufur,Pigment Ink,25,Limited,luminance-dufur.jpg,luminance-dufur.jpg,luminance-dufur-home.jpg,luminance-dufur-biz.jpg,1820,2400
the-american-west-ii,19,luminous-grasses-oregon,Luminous Grasses,Oregon,2013,,Northeastern Oregon,Pigment Ink,25,Limited,luminous-grasses-oregon.jpg,luminous-grasses-oregon.jpg,luminous-grasses-oregon-home.jpg,luminous-grasses-oregon-biz.jpg,2160,2975
cloud-light,12,mammatus-clouds-bend-oregon,Mammatus Clouds,Oregon,2014,Discovery Park,Bend,Pigment Ink,25,Limited,mammatus-clouds-bend-oregon.jpg,mammatus-clouds-bend-oregon.jpg,mammatus-clouds-bend-oregon-home.jpg,mammatus-clouds-bend-oregon-biz.jpg,2160,2796
zion-national-park,8,midnight-over-big-bend-zion-national-park,Midnight over Big Bend,Utah,2018,Zion National Park,Virgin River,Pigment Ink,25,Limited,midnight-over-big-bend-zion-national-park.jpg,midnight-over-big-bend-zion-national-park.jpg,midnight-over-big-bend-zion-national-park-home.jpg,midnight-over-big-bend-zion-national-park-biz.jpg,1600,2400
the-american-west-ii,4,midnight-over-clarno-john-day,Midnight over Clarno,Oregon,2014,John Day National Monument,Clarno Unit,Pigment Ink,25,Limited,midnight-over-clarno-john-day.jpg,midnight-over-clarno-john-day.jpg,midnight-over-clarno-john-day-home.jpg,midnight-over-clarno-john-day-biz.jpg,1600,2400
zion-national-park,17,moonlight-serenade-zion-national-park,Moonlight Serenade,Utah,1997,Zion National Park,Taylor Creek,Pigment Ink,25,Limited,moonlight-serenade-zion-national-park.jpg,moonlight-serenade-zion-national-park.jpg,moonlight-serenade-zion-national-park-home.jpg,moonlight-serenade-zion-national-park-biz.jpg,2160,3269
the-american-west-ii,13,moonrise-waitsburg,Moonrise,Washington,2013,Waitsburg,Along Hwy 12,Pigment Ink,25,Limited,moonrise-waitsburg.jpg,moonrise-waitsburg.jpg,moonrise-waitsburg-home.jpg,moonrise-waitsburg-biz.jpg,1600,2400
zion-national-park,18,morning-glow-zion-national-park,Morning Glow,Utah,2015,Zion National Park,Zion Canyon,Pigment Ink,25,Limited,morning-glow-zion-national-park.jpg,morning-glow-zion-national-park.jpg,morning-glow-zion-national-park-home.jpg,morning-glow-zion-national-park-biz.jpg,2160,1698
the-american-west,7,morning-light-monument-valley,Morning Light,Arizona,1997,Monument Valley,North Window,Pigment Ink,25,Limited,morning-light-monument-valley.jpg,morning-light-monument-valley.jpg,morning-light-monument-valley-home.jpg,morning-light-monument-valley-biz.jpg,2400,1932
zion-national-park-ancient-sands,15,mud-patterns-zion-national-park,Mud Patterns,Utah,2014,Zion National Park,Clear Creek,Pigment Ink,25,Limited,mud-patterns-zion-national-park.jpg,mud-patterns-zion-national-park.jpg,mud-patterns-zion-national-park-home.jpg,mud-patterns-zion-national-park-biz.jpg,2160,1760
icons-of-agriculture-ii,9,no-808-harrington,No. 808,Washington,2020,Lincoln County,Harrington,Pigment Ink,25,Limited,no-808-harrington.jpg,no-808-harrington.jpg,no-808-harrington-home.jpg,no-808-harrington-biz.jpg,1600,1200
zion-national-park-autumn,17,old-and-new-zion-national-park,Old and New,Utah,2013,Zion National Park,Center of the Universe,Pigment Ink,25,Limited,old-and-new-zion-national-park.jpg,old-and-new-zion-national-park.jpg,old-and-new-zion-national-park-home.jpg,old-and-new-zion-national-park-biz.jpg,2160,1772
icons-of-agriculture,2,granary-detail-artois,Pastels,California,2015,Sacramento Valley,Artois,Pigment Ink,25,Limited,granary-detail-artois.jpg,granary-detail-artois.jpg,granary-detail-artois-home.jpg,granary-detail-artois-biz.jpg,1600,1200
zion-national-park-autumn,2,pink-and-yellow-maple-zion-national-park,Pink and Yellow Maples,Utah,2013,Zion's East Side,Clear Creek,Pigment Ink,25,Limited,pink-and-yellow-maple-zion-national-park.jpg,pink-and-yellow-maple-zion-national-park.jpg,pink-and-yellow-maple-zion-national-park-home.jpg,pink-and-yellow-maple-zion-national-park-biz.jpg,2400,1920
zion-national-park-autumn-ii,19,pink-maples-zion-national-park,Pink Maples,Utah,2014,Zion National Park,East Side,Pigment Ink,25,Limited,pink-maples-zion-national-park.jpg,pink-maples-zion-national-park.jpg,pink-maples-zion-national-park-home.jpg,pink-maples-zion-national-park-biz.jpg,2160,1696
icons-of-agriculture-iv,8,irrigation-pipes-on-truck-williams,Pipes on Truck,California,2014,Sacramento Valley,Williams,Pigment Ink,25,Limited,irrigation-pipes-on-truck-williams.jpg,irrigation-pipes-on-truck-williams.jpg,irrigation-pipes-on-truck-williams-home.jpg,irrigation-pipes-on-truck-williams-biz.jpg,1600,2400
the-american-west-ii,8,raindrops-on-leaves-sierra-nevada,Raindrops on Leaves,California,2011,Sierra Nevada,Green Creek,Pigment Ink,25,Limited,raindrops-on-leaves-sierra-nevada.jpg,raindrops-on-leaves-sierra-nevada.jpg,raindrops-on-leaves-sierra-nevada-home.jpg,raindrops-on-leaves-sierra-nevada-biz.jpg,1600,1200
icons-of-agriculture-iv,14,ramshackle-granary-winona,Ramshackle Granary,Washington,2017,The Palouse,Winona,Pigment Ink,25,Limited,ramshackle-granary-winona.jpg,ramshackle-granary-winona.jpg,ramshackle-granary-winona-home.jpg,ramshackle-granary-winona-biz.jpg,1600,1200
icons-of-agriculture-iii,13,red-coupler-palouse,Red Coupler,Washington,2022,Whitman County,Palouse City,Pigment Ink,25,Limited,red-coupler-palouse.jpg,red-coupler-palouse.jpg,red-coupler-palouse-home.jpg,red-coupler-palouse-biz.jpg,1820,2400
icons-of-agriculture,15,red-off-white-and-blue-palouse,"Red, Off White, and Blue",Washington,2022,Whitman County,Palouse City,Pigment Ink,25,Limited,red-off-white-and-blue-palouse.jpg,red-off-white-and-blue-palouse.jpg,red-off-white-and-blue-palouse-home.jpg,red-off-white-and-blue-palouse-biz.jpg,1820,2400
zion-national-park-watercourse-way,7,reflecting-ice-zion-national-park,Reflecting Ice,Utah,2015,Zion National Park,Pine Creek,Pigment Ink,25,Limited,reflecting-ice-zion-national-park.jpg,reflecting-ice-zion-national-park.jpg,reflecting-ice-zion-national-park-home.jpg,reflecting-ice-zion-national-park-biz.jpg,2160,2618
zion-national-park-watercourse-way,1,reflections-subway-zion-national-park,Reflections,Utah,2018,North Fork,The Subway,Pigment Ink,25,Limited,reflections-subway-zion-national-park.jpg,reflections-subway-zion-national-park.jpg,reflections-subway-zion-national-park-home.jpg,reflections-subway-zion-national-park-biz.jpg,1800,2400
zion-national-park-watercourse-way,8,reflections-01-zion-national-park,Reflections #1,Utah,2011,Zion National Park,Virgin River,Pigment Ink,25,Limited,reflections-01-zion-national-park.jpg,reflections-01-zion-national-park.jpg,reflections-01-zion-national-park-home.jpg,reflections-01-zion-national-park-biz.jpg,2160,3188
zion-national-park-watercourse-way,9,reflections-10-zion-national-park,Reflections #10,Utah,2015,Zion National Park,Virgin River,Pigment Ink,25,Limited,reflections-10-zion-national-park.jpg,reflections-10-zion-national-park.jpg,reflections-10-zion-national-park-home.jpg,reflections-10-zion-national-park-biz.jpg,2160,3133
the-american-west,22,reflections-11-merced-river-yosemite,Reflections #11,California,2012,Mariposa County,Merced River,Pigment Ink,25,Limited,reflections-11-merced-river-yosemite.jpg,reflections-11-merced-river-yosemite.jpg,reflections-11-merced-river-yosemite-home.jpg,reflections-11-merced-river-yosemite-biz.jpg,2160,2160
zion-national-park-watercourse-way,11,reflections-11-zion-national-park,Reflections #11,Utah,2015,Zion National Park,Virgin River,Pigment Ink,25,Limited,reflections-11-zion-national-park.jpg,reflections-11-zion-national-park.jpg,reflections-11-zion-national-park-home.jpg,reflections-11-zion-national-park-biz.jpg,2160,3237
zion-national-park-watercourse-way,12,reflections-12-zion-national-park,Reflections #12,Utah,2015,Zion National Park,Virgin River,Pigment Ink,25,Limited,reflections-12-zion-national-park.jpg,reflections-12-zion-national-park.jpg,reflections-12-zion-national-park-home.jpg,reflections-12-zion-national-park-biz.jpg,2160,3237
zion-national-park-watercourse-way,13,reflections-13-zion-national-park,Reflections #13,Utah,2014,Zion National Park,Virgin River,Pigment Ink,25,Limited,reflections-13-zion-national-park.jpg,reflections-13-zion-national-park.jpg,reflections-13-zion-national-park-home.jpg,reflections-13-zion-national-park-biz.jpg,2160,3048
zion-national-park-watercourse-way,14,reflections-02-zion-national-park,Reflections #2,Utah,2015,Zion National Park,Pine Creek,Pigment Ink,25,Limited,reflections-02-zion-national-park.jpg,reflections-02-zion-national-park.jpg,reflections-02-zion-national-park-home.jpg,reflections-02-zion-national-park-biz.jpg,2160,1668
zion-national-park-watercourse-way,15,reflections-04-zion-national-park,Reflections #4,Utah,2015,Zion National Park,Virgin River,Pigment Ink,25,Limited,reflections-04-zion-national-park.jpg,reflections-04-zion-national-park.jpg,reflections-04-zion-national-park-home.jpg,reflections-04-zion-national-park-biz.jpg,2160,3236
zion-national-park-watercourse-way,16,reflections-05-zion-national-park,Reflections #5,Utah,2011,Zion National Park,Virgin River,Pigment Ink,25,Limited,reflections-05-zion-national-park.jpg,reflections-05-zion-national-park.jpg,reflections-05-zion-national-park-home.jpg,reflections-05-zion-national-park-biz.jpg,2160,2929
zion-national-park-watercourse-way,17,reflections-06-zion-national-park,Reflections #6,Utah,2013,Zion National Park,Virgin River,Pigment Ink,25,Limited,reflections-06-zion-national-park.jpg,reflections-06-zion-national-park.jpg,reflections-06-zion-national-park-home.jpg,reflections-06-zion-national-park-biz.jpg,2160,3104
zion-national-park-watercourse-way,18,reflections-07-zion-national-park,Reflections #7,Utah,2011,Zion National Park,Virgin River,Pigment Ink,25,Limited,reflections-07-zion-national-park.jpg,reflections-07-zion-national-park.jpg,reflections-07-zion-national-park-home.jpg,reflections-07-zion-national-park-biz.jpg,2160,1580
zion-national-park-watercourse-way,19,reflections-08-zion-national-park,Reflections #8,Utah,2013,Zion National Park,Virgin River,Pigment Ink,25,Limited,reflections-08-zion-national-park.jpg,reflections-08-zion-national-park.jpg,reflections-08-zion-national-park-home.jpg,reflections-08-zion-national-park-biz.jpg,2160,3256
zion-national-park,19,remnants-of-water-zion-national-park,Remnants of Water,Utah,2013,Zion National Park,East Side,Pigment Ink,25,Limited,remnants-of-water-zion-national-park.jpg,remnants-of-water-zion-national-park.jpg,remnants-of-water-zion-national-park-home.jpg,remnants-of-water-zion-national-park-biz.jpg,2160,1799
the-american-west-ii,20,river-dance-horseshoe-overlook,River Dance,Arizona,1997,Colorado River,Horseshoe Bend,Pigment Ink,25,Limited,river-dance-horseshoe-overlook.jpg,river-dance-horseshoe-overlook.jpg,river-dance-horseshoe-overlook-home.jpg,river-dance-horseshoe-overlook-biz.jpg,2160,3237
icons-of-agriculture-ii,12,roofline-pickard,Roofline,Washington,2014,The Palouse,Near Pickard,Pigment Ink,25,Limited,roofline-pickard.jpg,roofline-pickard.jpg,roofline-pickard-home.jpg,roofline-pickard-biz.jpg,1600,2400
the-american-west,15,sahalie-falls-mckenzie-river,Sahalie Falls,Oregon,2014,Dechutes National Forest,McKenzie River,Pigment Ink,25,Limited,sahalie-falls-mckenzie-river.jpg,sahalie-falls-mckenzie-river.jpg,sahalie-falls-mckenzie-river-home.jpg,sahalie-falls-mckenzie-river-biz.jpg,2160,1737
the-american-west-ii,6,san-juan-river-goosenecks,San Juan River,Arizona,2013,Colorado Plateau,Goosenecks State Park,Pigment Ink,25,Limited,san-juan-river-goosenecks.jpg,san-juan-river-goosenecks.jpg,san-juan-river-goosenecks-home.jpg,san-juan-river-goosenecks-biz.jpg,1600,2400
the-american-west,16,sand-people-monument-valley,Sand People,Arizona,1997,Monument Valley,Monument Valley,Pigment Ink,25,Limited,sand-people-monument-valley.jpg,sand-people-monument-valley.jpg,sand-people-monument-valley-home.jpg,sand-people-monument-valley-biz.jpg,2160,1728
the-american-west,18,sandstone-tsunami-arizona,Sandstone Tsunami,Arizona,1997,Colorado Plateau,A Slot Canyon,Pigment Ink,25,Limited,sandstone-tsunami-arizona.jpg,sandstone-tsunami-arizona.jpg,sandstone-tsunami-arizona-home.jpg,sandstone-tsunami-arizona-biz.jpg,2160,1421
the-american-west-ii,21,sea-slot-pacific-coast,Sea Slot,California,2010,Pacific Coast,Davenport,Pigment Ink,25,Limited,sea-slot-pacific-coast.jpg,sea-slot-pacific-coast.jpg,sea-slot-pacific-coast-home.jpg,sea-slot-pacific-coast-biz.jpg,2160,1440
the-american-west-ii,20,seep-granite-merced-canyon,Seep in Granite,California,2010,Mariposa County,Merced Canyon,Pigment Ink,25,Limited,seep-granite-merced-canyon.jpg,seep-granite-merced-canyon.jpg,seep-granite-merced-canyon-home.jpg,seep-granite-merced-canyon-biz.jpg,2160,1490
icons-of-agriculture-iv,6,shute-and-ladder-delevan,Shute and Ladder,California,2016,Sacramento Valley,Delevan,Pigment Ink,25,Limited,shute-and-ladder-delevan.jpg,shute-and-ladder-delevan.jpg,shute-and-ladder-delevan-home.jpg,shute-and-ladder-delevan-biz.jpg,2160,1442
icons-of-agriculture-iii,4,silo-102-cortena,Silo 102,California,2016,Sacramento Valley,Cortena,Pigment Ink,25,Limited,silo-102-cortena.jpg,silo-102-cortena.jpg,silo-102-cortena-home.jpg,silo-102-cortena-biz.jpg,1600,2400
icons-of-agriculture-iv,7,tbd,Silo Details,Oregon,2015,Morrow County,Ione,Pigment Ink,25,Limited,tbd.jpg,tbd.jpg,tbd-home.jpg,tbd-biz.jpg,,
icons-of-agriculture-iv,15,silos-reflected-willows,"Silos, Reflected",California,2016,Sacramento Valley,Willows,Pigment Ink,25,Limited,silos-reflected-willows.jpg,silos-reflected-willows.jpg,silos-reflected-willows-home.jpg,silos-reflected-willows-biz.jpg,1600,1100
icons-of-agriculture,16,silver-silos-pomeroy,Silver Silos,Washington,2017,Garfield County,Pomeroy,Pigment Ink,25,Limited,silver-silos-pomeroy.jpg,silver-silos-pomeroy.jpg,silver-silos-pomeroy-home.jpg,silver-silos-pomeroy-biz.jpg,1600,2400
icons-of-agriculture-ii,13,sliding-doors-and-stacks-pomeroy,Sliding Doors,Washington,2017,Garfield County,Pomeroy,Pigment Ink,25,Limited,sliding-doors-and-stacks-pomeroy.jpg,sliding-doors-and-stacks-pomeroy.jpg,sliding-doors-and-stacks-pomeroy-home.jpg,sliding-doors-and-stacks-pomeroy-biz.jpg,1600,1088
the-american-west,19,smoked-oregon,Smoked,Oregon,2014,Central Oregon,Fort Rock,Pigment Ink,25,Limited,smoked-oregon.jpg,smoked-oregon.jpg,smoked-oregon-home.jpg,smoked-oregon-biz.jpg,,
zion-national-park,6,springtime-melody-zion-national-park,Springtime Melody,Utah,1997,Zion National Park,Middle Taylor Creek,Pigment Ink,25,Limited,springtime-melody-zion-national-park.jpg,springtime-melody-zion-national-park.jpg,springtime-melody-zion-national-park-home.jpg,springtime-melody-zion-national-park-biz.jpg,1600,2400
icons-of-agriculture-iv,9,stacked-pipes-winters,Stacked Pipes,California,2013,Sacramento Valley,Winters,Pigment Ink,25,Limited,stacked-pipes-winters.jpg,stacked-pipes-winters.jpg,stacked-pipes-winters-home.jpg,stacked-pipes-winters-biz.jpg,1600,1100
icons-of-agriculture-ii,5,stacks-and-ladder-cortena,Stacks and Ladder,California,2016,Sacramento Valley,Cortena,Pigment Ink,25,Limited,stacks-and-ladder-cortena.jpg,stacks-and-ladder-cortena.jpg,stacks-and-ladder-cortena-home.jpg,stacks-and-ladder-cortena-biz.jpg,1600,1100
icons-of-agriculture,14,stacks-and-stairs-delevan,Stacks and Stairs,California,2015,Sacramento Valley,Delevan,Pigment Ink,25,Limited,stacks-and-stairs-delevan.jpg,stacks-and-stairs-delevan.jpg,stacks-and-stairs-delevan-home.jpg,stacks-and-stairs-delevan-biz.jpg,1600,1140
icons-of-agriculture-iv,1,stairs-cheney,Stairs,Washington,2020,Spokane County,Cheney,Pigment Ink,25,Limited,stairs-cheney.jpg,stairs-cheney.jpg,stairs-cheney-home.jpg,stairs-cheney-biz.jpg,1820,2400
zion-national-park-ancient-sands,16,stone-tapestry-zion-national-park,Stone Tapestry,Utah,2014,Zion National Park,Wilderness,Pigment Ink,25,Limited,stone-tapestry-zion-national-park.jpg,stone-tapestry-zion-national-park.jpg,stone-tapestry-zion-national-park-home.jpg,stone-tapestry-zion-national-park-biz.jpg,2160,2723
the-american-west,8,storm-moving-over-mesa-big-water,Storm Moving Over Mesa,Arizona,2010,Big Water,Paria Wilderness,Pigment Ink,25,Limited,storm-moving-over-mesa-big-water.jpg,storm-moving-over-mesa-big-water.jpg,storm-moving-over-mesa-big-water-home.jpg,storm-moving-over-mesa-big-water-biz.jpg,1600,2400
the-american-west,3,stream-of-light-white-mountains,Stream of Light,California,2008,White Mountains,Crooked Creek,Pigment Ink,25,Limited,stream-of-light-white-mountains.jpg,stream-of-light-white-mountains.jpg,stream-of-light-white-mountains-home.jpg,stream-of-light-white-mountains-biz.jpg,1812,2400
zion-national-park,12,sunset-kinesava-zion-national-park,"Sunset, Kinesava",Utah,2011,Zion National Park,Zion Canyon,Pigment Ink,25,Limited,sunset-kinesava-zion-national-park.jpg,sunset-kinesava-zion-national-park.jpg,sunset-kinesava-zion-national-park-home.jpg,sunset-kinesava-zion-national-park-biz.jpg,1600,2400
cloud-light,4,sunset-moon-clouds-paulina-peak,"Sunset, Moon, Clouds",Oregon,2014,Newberry Volcano Monument,Paulina Peak,Pigment Ink,25,Limited,sunset-moon-clouds-paulina-peak.jpg,sunset-moon-clouds-paulina-peak.jpg,sunset-moon-clouds-paulina-peak-home.jpg,sunset-moon-clouds-paulina-peak-biz.jpg,1600,1600
cloud-light,2,clouds-kanab,Swirls,Utah,2014,Kanab,Along Hwy 89,Pigment Ink,25,Limited,clouds-kanab.jpg,clouds-kanab.jpg,clouds-kanab-home.jpg,clouds-kanab-biz.jpg,1600,1600
cloud-light,5,swooping-cloud-and-bat-zion-national-park,Swooping Cloud & Bat,Utah,2015,Zion National Park,Pine Creek,Pigment Ink,25,Limited,swooping-cloud-and-bat-zion-national-park.jpg,swooping-cloud-and-bat-zion-national-park.jpg,swooping-cloud-and-bat-zion-national-park-home.jpg,swooping-cloud-and-bat-zion-national-park-biz.jpg,1600,1600
zion-national-park-autumn,19,tapestry-in-yellow-zion-national-park,Tapestry in Yellow,Utah,2012,Zion National Park,Kolob Canyons,Pigment Ink,25,Limited,tapestry-in-yellow-zion-national-park.jpg,tapestry-in-yellow-zion-national-park.jpg,tapestry-in-yellow-zion-national-park-home.jpg,tapestry-in-yellow-zion-national-park-biz.jpg,2160,1743
icons-of-agriculture-iii,9,the-bird-that-would-not-leave-garfield,The Bird that Refused to Leave,Washington,2019,Whitman County,Garfield,Pigment Ink,25,Limited,the-bird-that-would-not-leave-garfield.jpg,the-bird-that-would-not-leave-garfield.jpg,the-bird-that-would-not-leave-garfield-home.jpg,the-bird-that-would-not-leave-garfield-biz.jpg,1600,1200
icons-of-agriculture-iii,2,the-blue-door-condon,The Blue Door,Oregon,2018,Gilliam County,Condon,Pigment Ink,25,Limited,the-blue-door-condon.jpg,the-blue-door-condon.jpg,the-blue-door-condon-home.jpg,the-blue-door-condon-biz.jpg,1600,1200
cloud-light,11,the-goddess-wire-mesa,The Goddess,Utah,2014,Rockville,Wire Mesa,Pigment Ink,25,Limited,the-goddess-wire-mesa.jpg,the-goddess-wire-mesa.jpg,the-goddess-wire-mesa-home.jpg,the-goddess-wire-mesa-biz.jpg,1600,1600
icons-of-agriculture-iii,7,the-grand-staircase-bend,The Grand Staircase,Oregon,2013,Bend,Deschutes Brewery,Pigment Ink,25,Limited,the-grand-staircase-bend.jpg,the-grand-staircase-bend.jpg,the-grand-staircase-bend-home.jpg,the-grand-staircase-bend-biz.jpg,1600,1100
zion-national-park-ancient-sands,17,three-faces-zion-national-park,Three Faces,Utah,2015,Zion National Park,Echo Canyon,Pigment Ink,25,Limited,three-faces-zion-national-park.jpg,three-faces-zion-national-park.jpg,three-faces-zion-national-park-home.jpg,three-faces-zion-national-park-biz.jpg,2160,2774
zion-national-park-autumn,11,three-maples-zion-national-park,Three Maples,Utah,2013,Zion National Park,Zion Canyon,Pigment Ink,30,Limited,three-maples-zion-national-park.jpg,three-maples-zion-national-park.jpg,three-maples-zion-national-park-home.jpg,three-maples-zion-national-park-biz.jpg,1600,1280
icons-of-agriculture-ii,4,granary-detail-cortena,Twilight,California,2019,Sacramento Valley,Cortena,Pigment Ink,25,Limited,granary-detail-cortena.jpg,granary-detail-cortena.jpg,granary-detail-cortena-home.jpg,granary-detail-cortena-biz.jpg,1600,1100
the-american-west-ii,20,twilight-cascade-sierra-nevada,Twilight Cascade,California,2011,Sierra Nevada,Sonora Pass,Pigment Ink,25,Limited,twilight-cascade-sierra-nevada.jpg,twilight-cascade-sierra-nevada.jpg,twilight-cascade-sierra-nevada-home.jpg,twilight-cascade-sierra-nevada-biz.jpg,2160,1543
the-american-west-ii,12,twilight-garrapata,"Twilight, Garrapata",California,1999,Carmel,Pacific Coast,Pigment Ink,25,Limited,twilight-garrapata.jpg,twilight-garrapata.jpg,twilight-garrapata-home.jpg,twilight-garrapata-biz.jpg,1600,1200
the-american-west-ii,10,twilight-painted-hills,"Twilight, Painted Hills",Oregon,2012,Mitchell,John Day Fossil Beds,Pigment Ink,25,Limited,twilight-painted-hills.jpg,twilight-painted-hills.jpg,twilight-painted-hills-home.jpg,twilight-painted-hills-biz.jpg,1600,2400
zion-national-park-ancient-sands,18,two-and-a-half-stones-zion-national-park,Two and a Half Stones,Utah,2014,Zion National Park,Wilderness,Pigment Ink,25,Limited,two-and-a-half-stones-zion-national-park.jpg,two-and-a-half-stones-zion-national-park.jpg,two-and-a-half-stones-zion-national-park-home.jpg,two-and-a-half-stones-zion-national-park-biz.jpg,2160,1777
the-american-west-ii,3,two-oaks-sierra-foothills,Two Oaks,California,2011,Sierra Foothills,Cathey's Valley,Pigment Ink,25,Limited,two-oaks-sierra-foothills.jpg,two-oaks-sierra-foothills.jpg,two-oaks-sierra-foothills-home.jpg,two-oaks-sierra-foothills-biz.jpg,1720,2400
zion-national-park-ancient-sands,2,two-stones-and-a-moon-zion-national-park,Two Stones and a Moon,Utah,2014,Zion National Park,Center of the Universe,Pigment Ink,30,Limited,two-stones-and-a-moon-zion-national-park.jpg,two-stones-and-a-moon-zion-national-park.jpg,two-stones-and-a-moon-zion-national-park-home.jpg,two-stones-and-a-moon-zion-national-park-biz.jpg,1600,1280
icons-of-agriculture-iii,6,cooperative-davenport,Union,Washington,2020,Lincoln County,Davenport,Pigment Ink,25,Limited,cooperative-davenport.jpg,cooperative-davenport.jpg,cooperative-davenport-home.jpg,cooperative-davenport-biz.jpg,1820,2400
icons-of-agriculture-iv,5,ventilation-palouse,Ventilation,Washington,2022,Whitman County,Palouse City,Pigment Ink,25,Limited,ventilation-palouse.jpg,ventilation-palouse.jpg,ventilation-palouse-home.jpg,ventilation-palouse-biz.jpg,1720,2400
icons-of-agriculture,8,wall-street-dufur,Wall Street,Oregon,2018,Wasco County,Dufur,Pigment Ink,25,Limited,wall-street-dufur.jpg,wall-street-dufur.jpg,wall-street-dufur-home.jpg,wall-street-dufur-biz.jpg,1600,1200
icons-of-agriculture-ii,10,warm-and-cool-ione,Warm and Cool,Oregon,2019,Morrow County,Ione,Pigment Ink,25,Limited,warm-and-cool-ione.jpg,warm-and-cool-ione.jpg,warm-and-cool-ione-home.jpg,warm-and-cool-ione-biz.jpg,1600,1100
icons-of-agriculture-iii,14,waste-bin-palouse-city,Waste Bin,Washington,2019,Whitman County,Palouse City,Pigment Ink,25,Limited,waste-bin-palouse-city.jpg,waste-bin-palouse-city.jpg,waste-bin-palouse-city-home.jpg,waste-bin-palouse-city-biz.jpg,1600,1200
zion-national-park-ancient-sands,19,water-holes-zion-national-park,Water Holes,Utah,2015,Zion National Park,Checkerboard Mesa,Pigment Ink,25,Limited,water-holes-zion-national-park.jpg,water-holes-zion-national-park.jpg,water-holes-zion-national-park-home.jpg,water-holes-zion-national-park-biz.jpg,2160,2662
zion-national-park-ancient-sands,20,water-sculpted-sand-zion-national-park,Water Sculpted Sand,Utah,2014,Zion National Park,East Side,Pigment Ink,25,Limited,water-sculpted-sand-zion-national-park.jpg,water-sculpted-sand-zion-national-park.jpg,water-sculpted-sand-zion-national-park-home.jpg,water-sculpted-sand-zion-national-park-biz.jpg,2160,2718
zion-national-park,20,waters-fall-zion-national-park,Water's Fall,Utah,2015,Zion National Park,Temple of Sinawava,Pigment Ink,25,Limited,waters-fall-zion-national-park.jpg,waters-fall-zion-national-park.jpg,waters-fall-zion-national-park-home.jpg,waters-fall-zion-national-park-biz.jpg,2160,1651
icons-of-agriculture-iii,12,weathered-pipes-macdoel,Weathered Pipes,California,2014,Siskiyou County,Macdoel,Pigment Ink,25,Limited,weathered-pipes-macdoel.jpg,weathered-pipes-macdoel.jpg,weathered-pipes-macdoel-home.jpg,weathered-pipes-macdoel-biz.jpg,1600,1200
the-american-west,9,white-river-falls-oregon,White River Falls,Oregon,2013,Central Oregon,White River,Pigment Ink,25,Limited,white-river-falls-oregon.jpg,white-river-falls-oregon.jpg,white-river-falls-oregon-home.jpg,white-river-falls-oregon-biz.jpg,1600,1280
zion-national-park,10,winter-cottonwoods-zion-national-park,Winter Cottonwoods,Utah,2016,Zion National Park,Virgin River,Pigment Ink,25,Limited,winter-cottonwoods-zion-national-park.jpg,winter-cottonwoods-zion-national-park.jpg,winter-cottonwoods-zion-national-park-home.jpg,winter-cottonwoods-zion-national-park-biz.jpg,1720,2400
the-american-west-ii,5,el-captain-meadow-yosemite-national-park,Winter Oak,California,2008,Yosemite National Park,El Capitan Meadow,Pigment Ink,25,Limited,el-captain-meadow-yosemite-national-park.jpg,el-captain-meadow-yosemite-national-park.jpg,el-captain-meadow-yosemite-national-park-home.jpg,el-captain-meadow-yosemite-national-park-biz.jpg,1720,2400
the-american-west-ii,21,winter-oak-yosemite-national-park,Winter Oak,California,2008,El Capitan Meadow,Yosemite National Park,Pigment Ink,25,Limited,winter-oak-yosemite-national-park.jpg,winter-oak-yosemite-national-park.jpg,winter-oak-yosemite-national-park-home.jpg,winter-oak-yosemite-national-park-biz.jpg,1720,2400
the-american-west,1,winter-oak-at-sunset-catheys-valley,Winter Oak at Sunset,California,2009,Sierra Foothills,Cathey's Valley,Pigment Ink,25,Limited,winter-oak-at-sunset-catheys-valley.jpg,winter-oak-at-sunset-catheys-valley.jpg,winter-oak-at-sunset-catheys-valley-home.jpg,winter-oak-at-sunset-catheys-valley-biz.jpg,1720,2400
cloud-light,6,clouds-point-lobos-sunset,Winter Sunset,California,2011,Carmel,Point Lobos State Park,Pigment Ink,25,Limited,clouds-point-lobos-sunset.jpg,clouds-point-lobos-sunset.jpg,clouds-point-lobos-sunset-home.jpg,clouds-point-lobos-sunset-biz.jpg,1600,1600
the-american-west-ii,22,workings-of-time-monument-valley,Workings of Time,Arizona,1996,Monument Valley,Monument Valley,Pigment Ink,25,Limited,workings-of-time-monument-valley.jpg,workings-of-time-monument-valley.jpg,workings-of-time-monument-valley-home.jpg,workings-of-time-monument-valley-biz.jpg,2160,1442
zion-national-park,21,yucca-zion-national-park,Yucca,Utah,2011,Zion National Park,Pine Creek,Pigment Ink,25,Limited,yucca-zion-national-park.jpg,yucca-zion-national-park.jpg,yucca-zion-national-park-home.jpg,yucca-zion-national-park-biz.jpg,2160,1724
